-- phpMyAdmin SQL Dump
-- version 4.9.0.1
-- https://www.phpmyadmin.net/
--
-- Host: localhost:3306
-- Generation Time: Dec 20, 2019 at 08:05 PM
-- Server version: 10.3.21-MariaDB
-- PHP Version: 7.3.6

SET SQL_MODE = "NO_AUTO_VALUE_ON_ZERO";
SET AUTOCOMMIT = 0;
START TRANSACTION;
SET time_zone = "+00:00";


/*!40101 SET @OLD_CHARACTER_SET_CLIENT=@@CHARACTER_SET_CLIENT */;
/*!40101 SET @OLD_CHARACTER_SET_RESULTS=@@CHARACTER_SET_RESULTS */;
/*!40101 SET @OLD_COLLATION_CONNECTION=@@COLLATION_CONNECTION */;
/*!40101 SET NAMES utf8mb4 */;

--
-- Database: `moodpatt_sensory_graph`
--

-- --------------------------------------------------------

--
-- Table structure for table `admin`
--

CREATE TABLE `admin` (
  `admin_id` smallint(11) NOT NULL,
  `username` varchar(64) DEFAULT NULL,
  `password` varchar(32) DEFAULT '',
  `name` varchar(64) DEFAULT NULL,
  `family` varchar(64) DEFAULT NULL,
  `status` tinyint(1) DEFAULT 0,
  `member_id` int(11) DEFAULT NULL,
  `permission` text DEFAULT NULL,
  `extension` varchar(255) DEFAULT '' COMMENT '23'
) ENGINE=InnoDB DEFAULT CHARSET=utf8 ROW_FORMAT=DYNAMIC;

--
-- Dumping data for table `admin`
--

INSERT INTO `admin` (`admin_id`, `username`, `password`, `name`, `family`, `status`, `member_id`, `permission`, `extension`) VALUES
(2, 'admin', '', 'فاطمه', 'حیدرلو', 1, 0, '1111111111111111111111111111111111111111111111111111111111111111111111111111111111111111111111111111111111111111111111111111111111111111111111111111111111111111111111111111111111111111111111111111111111111111111111111111111111111111111111111111111111111111111111111111111111111111111111111111111111111111111111111111111111111111111111111111111111111111111111111111111111111111111111111111111111111111111111111111111111111111111111111111111111111111111111111111111111111111111111111111111111111111111111111111111111111111111111111111111111111111111111111111111111111111111111111111111111111111111111111111111111111111111111111111111111111111111111111111111111111111111111111111111111111111111111111111111111111111111111111111111111111111111111111111111111111111111111111111111111111111111111111111111111111111111111111111111111111111111111111111111111111111111111111111111111111111111111111111111111111111111111111111111111111111111111111111111111111111111111111111111111111111111111111111111111111111111111111111111111111111111111111111111111111111111111111111111111111111111111111111111111111111111111111111111111111111111111111111111111111111111111111111111111111111111111111111111111111111111111111111111111111111111111111111111111111111111111111111111111111111111111111111111111111111111111111111111111111111111111111111111111111111111111111111111111111111111111111111111111111111111111111111111111111111111111111111111111111111111111111111111111111111111111111111111111111111111111111111111111111111111111111111111111111111111111111111111111111111111111111111111111111111111111111111111111111111111111111111111111111111111111111111111111111111111111111111111111111111111111111111111111111111111111111111111111111111111111111111111111111111111111111111111111111111111111111111111111111111111111111111111111111111111111111111111111111111111111111111111111111111111111111111111111111111111111111111111111111111111111111111111111111111111111111111111111111111111111111111111111111111111111111111111111111111111111111111111111111111111111111111111111111111111111111111111111111111111111111111111111111111111111111111111111111111111111111111111111111111111111111111111111111111111111111111111111111111111111111111111111111111111111111111111111111111111111111111111111111111111111111111111111111111111111111111111111111111111111111111111111111111111111111111111111111111111111111111111111111111111111111111111111111111111111111111111111111111111111111111111111111111111111111111111111111111111111111111111111111111111111111111111111111111111111111111111111111111111111111111111111111111111111111111111111111111111111111111111111111111111111111111111111111111111111111111111111111111111111111111111111111111111111111111111111111111111111111111111111111111111111111111111111111111111111111111111111111111111111111111111111111111111111111111111111111111111111111111111111111111111111111111111111111111111111111111111111111111111111111111111111111111111111111111111111111111111111111111111111111111111111111111111111111111111111111111111111111111111111111111111111111111111111111111111111111111111111111111111111111111111111111111111111111111111111111111111111111111111111111111111111111111111111111111111111111111111111111111111111111111111111111111111111111111111111111111111111111111111111111111111111111111111111111111111111111111111111111111111111111111111111111111111111111111111111111111111111111111111111111111111111111111111111111111111111111111111111111111111111111111111111111111111111111111111111111111111111111111111111111111111111111111111111111111111111111111111111111111111111111111111111111111111111111111111111111111111111111111111111111111111111111111111111111111111111111111111111111111111111111111111111111111111111111111111111111111111111111111111111111111111111111111111111111111111111111111111111111111111111111111111111111111111111111111111111111111111111111111111111111111111111111111111111111111111111111111111111111111111111111111111111111111111111111111111111111111111111111111111111111111111111111111111111111111111111111111111111111111111111111111111111111111111111111111111111111111111111111111111111111111111111111111111111111111111111111111111111111111111111111111111111111111111111111111111111111111111111111111111111111111111111111111111111111111111111111111111111111111111111111111111111111111111111111111111111111111111111111111111111111111111111111111111111111111111111111111111111111111111111111111111111111111111111111111111111111111111111111111111111111111111111111111111111111111111111111111111111111111111111111111111111111111111111111111111111111111111111111111111111111111111111111111111111111111111111111111111111111111111111111111111111111111111111111111111111111111111111111111111111111111111111111111111111111111111111111111111111111111111111111111111111111111111111111111111111111111111111111111111111111111111111111111111111111111111111111111111111111111111111111111111111111111111111111111111111111111111111111111111111111111111111111111111111111111111111111111111111111111111111111111111111111111111111111111111111111111111111111111111111111111111111111111111111111111111111111111111111111111111111111111111111111111111111111111111111111111111111111111111111111111111111111111111111111111111111111111111111111111111111111111111111111111111111111111111111111111111111111111111111111111111111111111111111111111111111111111111111111111111111111111111111111111111111111111111111111111111111111111111111111111111111111111111111111111111111111111111111111111111111111111111111111111111111111111111111111111111111111111111111111111111111111111111111111111111111111111111111111111111111111111111111111111111111111111111111111111111111111111111111111111111111111111111111111111111111111111111111111111111111111111111111111111111111111111111111111111111111111111111111111111111111111111111111111111111111', '23');

-- --------------------------------------------------------

--
-- Table structure for table `country`
--

CREATE TABLE `country` (
  `id` int(11) NOT NULL,
  `summary` varchar(4) NOT NULL,
  `title` varchar(20) NOT NULL
) ENGINE=InnoDB DEFAULT CHARSET=utf8;

--
-- Dumping data for table `country`
--

INSERT INTO `country` (`id`, `summary`, `title`) VALUES
(1, 'AFG', 'افغانستان'),
(2, 'ALA', 'جزایر آلند'),
(3, 'ALB', 'آلبانی'),
(4, 'DZA', 'الجزایر'),
(5, 'ASM', 'ساموای آمریکا'),
(6, 'AND', 'آندورا'),
(7, 'AGO', 'آنگولا'),
(8, 'AIA', 'آنگویلا'),
(9, 'ATA', 'جنوبگان'),
(10, 'ATG', 'آنتیگوا و باربودا'),
(11, 'ARG', 'آرژانتین'),
(12, 'ARM', 'ارمنستان'),
(13, 'ABW', 'آروبا'),
(14, 'AUS', 'استرالیا'),
(15, 'AUT', 'اتریش'),
(16, 'AZE', 'جمهوری آذربایجان'),
(17, 'BHS', 'باهاما'),
(18, 'BHR', 'بحرین'),
(19, 'BGD', 'بنگلادش'),
(20, 'BRB', 'باربادوس'),
(21, 'BLR', 'بلاروس'),
(22, 'BEL', 'بلژیک'),
(23, 'BLZ', 'بلیز'),
(24, 'BEN', 'بنین'),
(25, 'BMU', 'برمودا'),
(26, 'BTN', 'پادشاهی بوتان'),
(27, 'BOL', 'بولیوی'),
(28, 'BIH', 'بوسنی و هرزگوین'),
(29, 'BWA', 'بوتسوانا'),
(30, 'BVT', 'جزیره بووه'),
(31, 'BRA', 'برزیل'),
(32, 'IOT', 'قلمرو اقیانوس هند بر'),
(33, 'BRN', 'برونئی'),
(34, 'BGR', 'بلغارستان'),
(35, 'BFA', 'بورکینافاسو'),
(36, 'BDI', 'بوروندی'),
(37, 'KHM', 'کامبوج'),
(38, 'CMR', 'کامرون'),
(39, 'CAN', 'کانادا'),
(40, 'CPV', 'کیپ ورد'),
(41, 'CYM', 'جزایر کیمن'),
(42, 'CAF', 'جمهوری آفریقای مرکزی'),
(43, 'TCD', 'چاد'),
(44, 'CHL', 'شیلی'),
(45, 'CHN', 'چین'),
(46, 'CXR', 'جزیره کریسمس'),
(47, 'CCK', 'جزایر کوکوس'),
(48, 'COL', 'کلمبیا'),
(49, 'COM', 'کومور'),
(50, 'COG', 'جمهوری کنگو'),
(51, 'COD', 'جمهوری دموکراتیک کنگ'),
(52, 'COK', 'جزایر کوک'),
(53, 'CRI', 'کاستاریکا'),
(54, 'CIV', 'ساحل عاج'),
(55, 'HRV', 'کرواسی'),
(56, 'CUB', 'کوبا'),
(57, 'CYP', 'قبرس'),
(58, 'CZE', 'جمهوری چک'),
(59, 'DNK', 'دانمارک'),
(60, 'DJI', 'جیبوتی'),
(61, 'DMA', 'دومینیکا'),
(62, 'DOM', 'جمهوری دومینیکن'),
(63, 'ECU', 'اکوادور'),
(64, 'EGY', 'مصر'),
(65, 'SLV', 'السالوادور'),
(66, 'GNQ', 'گینه استوایی'),
(67, 'ERI', 'اریتره'),
(68, 'EST', 'استونی'),
(69, 'ETH', 'اتیوپی'),
(70, 'FLK', 'جزایر فالکند'),
(71, 'FRO', 'جزایر فارو'),
(72, 'FJI', 'فیجی'),
(73, 'FIN', 'فنلاند'),
(74, 'FRA', 'فرانسه'),
(75, 'GUF', 'گویان فرانسه'),
(76, 'PYF', 'پولی‌نزی فرانسه'),
(77, 'ATF', 'سرزمین‌های قطب جنوب '),
(78, 'GAB', 'گابون'),
(79, 'GMB', 'گامبیا'),
(80, 'GEO', 'گرجستان'),
(81, 'DEU', 'آلمان'),
(82, 'GHA', 'غنا'),
(83, 'GIB', 'جبل طارق'),
(84, 'GRC', 'یونان'),
(85, 'GRL', 'گرینلند'),
(86, 'GRD', 'گرنادا'),
(87, 'GLP', 'جزیره گوادلوپ'),
(88, 'GUM', 'گوآم'),
(89, 'GTM', 'گواتمالا'),
(90, 'GGY', 'گرنزی'),
(91, 'GIN', 'گینه'),
(92, 'GNB', 'گینه بیسائو'),
(93, 'GUY', 'گویان'),
(94, 'HTI', 'هائیتی'),
(95, 'HMD', 'جزیره هرد و جزایر مک'),
(96, 'VAT', 'واتیکان'),
(97, 'HND', 'هندوراس'),
(98, 'HKG', 'هنگ کنگ'),
(99, 'HUN', 'مجارستان'),
(100, 'ISL', 'ایسلند'),
(101, 'IND', 'هند'),
(102, 'IDN', 'اندونزی'),
(103, 'IRN', 'ایران'),
(104, 'IRQ', 'عراق'),
(105, 'IRL', 'جمهوری ایرلند'),
(106, 'IMN', 'جزیره من'),
(107, 'ISR', 'اسرائیل'),
(108, 'ITA', 'ایتالیا'),
(109, 'JAM', 'جامائیکا'),
(110, 'JPN', 'ژاپن'),
(111, 'JEY', 'جرسی'),
(112, 'JOR', 'اردن'),
(113, 'KAZ', 'قزاقستان'),
(114, 'KEN', 'کنیا'),
(115, 'KIR', 'کیریباتی'),
(116, 'PRK', 'کره شمالی'),
(117, 'KOR', 'کره جنوبی'),
(118, 'KWT', 'کویت'),
(119, 'KGZ', 'قرقیزستان'),
(120, 'LAO', 'لائوس'),
(121, 'LVA', 'لتونی'),
(122, 'LBN', 'لبنان'),
(123, 'LSO', 'لسوتو'),
(124, 'LBR', 'لیبریا'),
(125, 'LIE', 'لیختن‌اشتاین'),
(126, 'LTU', 'لیتوانی'),
(127, 'LUX', 'لوکزامبورگ'),
(128, 'MAC', 'ماکائو'),
(129, 'MKD', 'مقدونیه'),
(130, 'MDG', 'ماداگاسکار'),
(131, 'MWI', 'مالاوی'),
(132, 'MYS', 'مالزی'),
(133, 'MDV', 'مالدیو'),
(134, 'MLI', 'مالی'),
(135, 'MLT', 'مالت'),
(136, 'MHL', 'جزایر مارشال'),
(137, 'MTQ', 'مارتینیک'),
(138, 'MRT', 'موریتانی'),
(139, 'MUS', 'موریس'),
(140, 'MYT', 'مایوت'),
(141, 'MEX', 'مکزیک'),
(142, 'FSM', 'ایالات فدرال میکرونز'),
(143, 'MDA', 'مولداوی'),
(144, 'MCO', 'موناکو'),
(145, 'MNG', 'مغولستان'),
(146, 'MNE', 'مونته‌نگرو'),
(147, 'MSR', 'مونتسرات'),
(148, 'MAR', 'مراکش'),
(149, 'MOZ', 'موزامبیک'),
(150, 'MMR', 'میانمار'),
(151, 'NAM', 'نامیبیا'),
(152, 'NRU', 'نائورو'),
(153, 'NPL', 'نپال'),
(154, 'NLD', 'هلند'),
(155, 'ANT', 'آنتیل هلند'),
(156, 'NCL', 'کالدونیای جدید'),
(157, 'NZL', 'نیوزیلند'),
(158, 'NIC', 'نیکاراگوئه'),
(159, 'NER', 'نیجر'),
(160, 'NGA', 'نیجریه'),
(161, 'NIU', 'نیووی'),
(162, 'NFK', 'جزیره نورفولک'),
(163, 'MNP', 'جزایر ماریانای شمالی'),
(164, 'NOR', 'نروژ'),
(165, 'OMN', 'عمان'),
(166, 'PAK', 'پاکستان'),
(167, 'PLW', 'پالائو'),
(168, 'PSE', 'فلسطین'),
(169, 'PAN', 'پاناما'),
(170, 'PNG', 'پاپوآ گینه نو'),
(171, 'PRY', 'پاراگوئه'),
(172, 'PER', 'پرو'),
(173, 'PHL', 'فیلیپین'),
(174, 'PCN', 'جزایر پیت‌کرن'),
(175, 'POL', 'لهستان'),
(176, 'PRT', 'پرتغال'),
(177, 'PRI', 'پورتوریکو'),
(178, 'QAT', 'قطر'),
(179, 'REU', 'رئونیون'),
(180, 'ROU', 'رومانی'),
(181, 'RUS', 'روسیه'),
(182, 'RWA', 'رواندا'),
(183, 'BLM', 'سنت بارثلمی'),
(184, 'SHN', 'سینت هلینا'),
(185, 'KNA', 'سنت کیتس و نویس'),
(186, 'LCA', 'سنت لوسیا'),
(187, 'MAF', 'سنت مارتین'),
(188, 'SPM', 'سنت پیر و ماژلان'),
(189, 'VCT', 'سنت وینسنت و گرنادین'),
(190, 'WSM', 'ساموآ'),
(191, 'SMR', 'سن مارینو'),
(192, 'STP', 'سائوتومه و پرنسیپ'),
(193, 'SAU', 'عربستان سعودی'),
(194, 'SEN', 'سنگال'),
(195, 'SRB', 'صربستان'),
(196, 'SYC', 'سیشل'),
(197, 'SLE', 'سیرالئون'),
(198, 'SGP', 'سنگاپور'),
(199, 'SVK', 'اسلواکی'),
(200, 'SVN', 'اسلوونی'),
(201, 'SLB', 'جزایر سلیمان'),
(202, 'SOM', 'سومالی'),
(203, 'ZAF', 'آفریقای جنوبی'),
(204, 'SGS', 'جورجیای جنوبی و جزای'),
(205, 'ESP', 'اسپانیا'),
(206, 'LKA', 'سری‌لانکا'),
(207, 'SDN', 'سودان'),
(208, 'SUR', 'سورینام'),
(209, 'SJM', 'سوالبارد و یان ماین'),
(210, 'SWZ', 'سوازیلند'),
(211, 'SWE', 'سوئد'),
(212, 'CHE', 'سوئیس'),
(213, 'SYR', 'سوریه'),
(214, 'TJK', 'تاجیکستان'),
(215, 'TZA', 'تانزانیا'),
(216, 'THA', 'تایلند'),
(217, 'TLS', 'تیمور شرقی'),
(218, 'TGO', 'توگو'),
(219, 'TKL', 'توکلائو'),
(220, 'TON', 'تونگا'),
(221, 'TTO', 'ترینیداد و توباگو'),
(222, 'TUN', 'تونس'),
(223, 'TUR', 'ترکیه'),
(224, 'TKM', 'ترکمنستان'),
(225, 'TCA', 'جزایر تورکس و کایکوس'),
(226, 'TUV', 'تووالو'),
(227, 'UGA', 'اوگاندا'),
(228, 'UKR', 'اوکراین'),
(229, 'ARE', 'امارات متحده عربی'),
(230, 'GBR', 'بریتانیا'),
(231, 'USA', 'ایالات متحده آمریکا'),
(232, 'UMI', 'جزایر کوچک حاشیه‌ای '),
(233, 'URY', 'اروگوئه'),
(234, 'UZB', 'ازبکستان'),
(235, 'VUT', 'وانواتو'),
(236, 'VEN', 'ونزوئلا'),
(237, 'VNM', 'ویتنام'),
(238, 'VGB', 'جزایر ویرجین انگلستا'),
(239, 'VIR', 'جزایر ویرجین ایالات '),
(240, 'WLF', 'والیس و فوتونا'),
(241, 'ESH', 'صحرای غربی'),
(242, 'YEM', 'یمن'),
(243, 'ZMB', 'زامبیا'),
(244, 'ZWE', 'زیمبابوه');

-- --------------------------------------------------------

--
-- Table structure for table `province`
--

CREATE TABLE `province` (
  `id` int(3) NOT NULL,
  `title` varchar(100) COLLATE utf8_persian_ci NOT NULL
) ENGINE=InnoDB DEFAULT CHARSET=utf8 COLLATE=utf8_persian_ci COMMENT='استان';

--
-- Dumping data for table `province`
--

INSERT INTO `province` (`id`, `title`) VALUES
(0, 'انتخاب نمایید'),
(1, 'آذربایجان شرقی'),
(2, 'آذربایجان غربی'),
(3, 'اردبیل'),
(4, 'اصفهان'),
(5, 'البرز'),
(6, 'ایلام'),
(7, 'بوشهر'),
(8, 'تهران'),
(9, 'چهارمحال وبختیاری'),
(10, 'خراسان جنوبی'),
(11, 'خراسان رضوی'),
(12, 'خراسان شمالی'),
(13, 'خوزستان'),
(14, 'زنجان'),
(15, 'سمنان'),
(16, 'سیستان وبلوچستان'),
(17, 'فارس'),
(18, 'قزوین'),
(19, 'قم'),
(20, 'کردستان'),
(21, 'کرمان'),
(22, 'کرمانشاه'),
(23, 'کهگیلویه وبویراحمد'),
(24, 'گلستان'),
(25, 'گیلان'),
(26, 'لرستان'),
(27, 'مازندران'),
(28, 'مرکزی'),
(29, 'هرمزگان'),
(30, 'همدان'),
(31, 'یزد');

-- --------------------------------------------------------

--
-- Table structure for table `sensory_sensors`
--

CREATE TABLE `sensory_sensors` (
  `id` int(2) NOT NULL,
  `title` varchar(50) COLLATE utf8_persian_ci NOT NULL,
  `priority_graph` int(2) NOT NULL,
  `priority_word` int(2) NOT NULL,
  `sensor_type` int(1) NOT NULL COMMENT 'یک = مثبت، دو = منفی',
  `status` int(1) NOT NULL DEFAULT 1,
  `description` varchar(255) COLLATE utf8_persian_ci DEFAULT NULL,
  `reg_date` timestamp NOT NULL DEFAULT current_timestamp()
) ENGINE=InnoDB DEFAULT CHARSET=utf8 COLLATE=utf8_persian_ci COMMENT='سنسورهای حسی';

--
-- Dumping data for table `sensory_sensors`
--

INSERT INTO `sensory_sensors` (`id`, `title`, `priority_graph`, `priority_word`, `sensor_type`, `status`, `description`, `reg_date`) VALUES
(1, 'تایید', 1, 9, 1, 1, NULL, '2019-09-26 07:01:10'),
(2, 'عدم تایید', 6, 10, 2, 1, NULL, '2019-09-26 07:01:10'),
(3, 'امنیت', 3, 7, 1, 1, NULL, '2019-09-26 07:02:08'),
(4, 'ناامنی', 8, 8, 2, 1, NULL, '2019-09-26 07:02:08'),
(5, 'به دست آوردن', 4, 5, 1, 1, NULL, '2019-09-26 07:05:28'),
(6, 'از دست دادن', 9, 6, 2, 1, NULL, '2019-09-26 07:05:28'),
(7, 'اختیار', 2, 3, 1, 1, NULL, '2019-09-26 07:07:30'),
(8, 'لذت', 5, 1, 1, 1, NULL, '2019-09-26 07:07:30'),
(9, 'اجبار', 7, 4, 2, 1, NULL, '2019-09-26 07:25:14'),
(10, 'درد', 10, 2, 2, 1, NULL, '2019-09-26 07:25:14');

-- --------------------------------------------------------

--
-- Table structure for table `sensor_graph`
--

CREATE TABLE `sensor_graph` (
  `id` int(5) NOT NULL,
  `user_topic_id` int(5) NOT NULL,
  `approach` int(1) NOT NULL COMMENT 'یک = مثبت، دو =منفی',
  `sensore_id` int(2) NOT NULL,
  `score_sum` int(2) NOT NULL DEFAULT 0,
  `reg_date` timestamp NOT NULL DEFAULT current_timestamp()
) ENGINE=InnoDB DEFAULT CHARSET=utf8 COLLATE=utf8_persian_ci COMMENT='گراف حسی';

--
-- Dumping data for table `sensor_graph`
--

INSERT INTO `sensor_graph` (`id`, `user_topic_id`, `approach`, `sensore_id`, `score_sum`, `reg_date`) VALUES
(1, 1, 1, 2, 6, '2019-11-06 18:28:28'),
(2, 1, 1, 1, 1, '2019-11-06 18:28:28'),
(3, 1, 1, 4, 9, '2019-11-06 18:28:28'),
(4, 1, 1, 3, 3, '2019-11-06 18:28:28'),
(5, 1, 1, 6, 6, '2019-11-06 18:28:28'),
(6, 1, 1, 5, 11, '2019-11-06 18:28:28'),
(7, 1, 1, 9, 9, '2019-11-06 18:28:28'),
(8, 1, 1, 7, 5, '2019-11-06 18:28:28'),
(9, 1, 1, 10, 6, '2019-11-06 18:28:28'),
(10, 1, 1, 8, 9, '2019-11-06 18:28:28'),
(11, 1, 2, 2, 11, '2019-11-06 18:28:28'),
(12, 1, 2, 1, 7, '2019-11-06 18:28:28'),
(13, 1, 2, 4, 8, '2019-11-06 18:28:28'),
(14, 1, 2, 3, 6, '2019-11-06 18:28:28'),
(15, 1, 2, 6, 9, '2019-11-06 18:28:28'),
(16, 1, 2, 5, 2, '2019-11-06 18:28:28'),
(17, 1, 2, 9, 11, '2019-11-06 18:28:28'),
(18, 1, 2, 7, 6, '2019-11-06 18:28:28'),
(19, 1, 2, 10, 2, '2019-11-06 18:28:28'),
(20, 1, 2, 8, 1, '2019-11-06 18:28:28'),
(21, 2, 1, 2, 7, '2019-11-06 18:41:25'),
(22, 2, 1, 1, 5, '2019-11-06 18:41:25'),
(23, 2, 1, 4, 11, '2019-11-06 18:41:25'),
(24, 2, 1, 3, 6, '2019-11-06 18:41:25'),
(25, 2, 1, 6, 7, '2019-11-06 18:41:25'),
(26, 2, 1, 5, 7, '2019-11-06 18:41:25'),
(27, 2, 1, 9, 7, '2019-11-06 18:41:25'),
(28, 2, 1, 7, 4, '2019-11-06 18:41:25'),
(29, 2, 1, 10, 0, '2019-11-06 18:41:25'),
(30, 2, 1, 8, 8, '2019-11-06 18:41:25'),
(31, 2, 2, 2, 0, '2019-11-06 18:41:25'),
(32, 2, 2, 1, 5, '2019-11-06 18:41:25'),
(33, 2, 2, 4, 6, '2019-11-06 18:41:25'),
(34, 2, 2, 3, 7, '2019-11-06 18:41:25'),
(35, 2, 2, 6, 3, '2019-11-06 18:41:25'),
(36, 2, 2, 5, 11, '2019-11-06 18:41:25'),
(37, 2, 2, 9, 8, '2019-11-06 18:41:25'),
(38, 2, 2, 7, 5, '2019-11-06 18:41:25'),
(39, 2, 2, 10, 7, '2019-11-06 18:41:25'),
(40, 2, 2, 8, 11, '2019-11-06 18:41:25'),
(41, 3, 1, 2, 5, '2019-11-06 20:30:09'),
(42, 3, 1, 1, 7, '2019-11-06 20:30:09'),
(43, 3, 1, 4, 7, '2019-11-06 20:30:09'),
(44, 3, 1, 3, 6, '2019-11-06 20:30:09'),
(45, 3, 1, 6, 1, '2019-11-06 20:30:09'),
(46, 3, 1, 5, 9, '2019-11-06 20:30:09'),
(47, 3, 1, 9, 2, '2019-11-06 20:30:09'),
(48, 3, 1, 7, 9, '2019-11-06 20:30:09'),
(49, 3, 1, 10, 0, '2019-11-06 20:30:09'),
(50, 3, 1, 8, 6, '2019-11-06 20:30:09'),
(51, 3, 2, 2, 6, '2019-11-06 20:30:09'),
(52, 3, 2, 1, 0, '2019-11-06 20:30:09'),
(53, 3, 2, 4, 6, '2019-11-06 20:30:09'),
(54, 3, 2, 3, 0, '2019-11-06 20:30:09'),
(55, 3, 2, 6, 7, '2019-11-06 20:30:09'),
(56, 3, 2, 5, 0, '2019-11-06 20:30:09'),
(57, 3, 2, 9, 7, '2019-11-06 20:30:09'),
(58, 3, 2, 7, 2, '2019-11-06 20:30:09'),
(59, 3, 2, 10, 5, '2019-11-06 20:30:09'),
(60, 3, 2, 8, 0, '2019-11-06 20:30:09'),
(61, 5, 1, 2, 0, '2019-11-06 21:59:00'),
(62, 5, 1, 1, 9, '2019-11-06 21:59:00'),
(63, 5, 1, 4, 3, '2019-11-06 21:59:00'),
(64, 5, 1, 3, 9, '2019-11-06 21:59:00'),
(65, 5, 1, 6, 2, '2019-11-06 21:59:00'),
(66, 5, 1, 5, 7, '2019-11-06 21:59:00'),
(67, 5, 1, 9, 1, '2019-11-06 21:59:00'),
(68, 5, 1, 7, 9, '2019-11-06 21:59:00'),
(69, 5, 1, 10, 2, '2019-11-06 21:59:00'),
(70, 5, 1, 8, 8, '2019-11-06 21:59:00'),
(71, 5, 2, 2, 0, '2019-11-06 21:59:00'),
(72, 5, 2, 1, 7, '2019-11-06 21:59:00'),
(73, 5, 2, 4, 5, '2019-11-06 21:59:00'),
(74, 5, 2, 3, 7, '2019-11-06 21:59:00'),
(75, 5, 2, 6, 2, '2019-11-06 21:59:00'),
(76, 5, 2, 5, 5, '2019-11-06 21:59:00'),
(77, 5, 2, 9, 2, '2019-11-06 21:59:00'),
(78, 5, 2, 7, 7, '2019-11-06 21:59:00'),
(79, 5, 2, 10, 5, '2019-11-06 21:59:00'),
(80, 5, 2, 8, 4, '2019-11-06 21:59:00'),
(81, 2, 1, 2, 7, '2019-11-07 07:49:44'),
(82, 2, 1, 1, 5, '2019-11-07 07:49:44'),
(83, 2, 1, 4, 11, '2019-11-07 07:49:44'),
(84, 2, 1, 3, 6, '2019-11-07 07:49:44'),
(85, 2, 1, 6, 7, '2019-11-07 07:49:44'),
(86, 2, 1, 5, 7, '2019-11-07 07:49:44'),
(87, 2, 1, 9, 7, '2019-11-07 07:49:44'),
(88, 2, 1, 7, 4, '2019-11-07 07:49:44'),
(89, 2, 1, 10, 0, '2019-11-07 07:49:44'),
(90, 2, 1, 8, 8, '2019-11-07 07:49:44'),
(91, 2, 2, 2, 0, '2019-11-07 07:49:44'),
(92, 2, 2, 1, 5, '2019-11-07 07:49:44'),
(93, 2, 2, 4, 6, '2019-11-07 07:49:44'),
(94, 2, 2, 3, 7, '2019-11-07 07:49:44'),
(95, 2, 2, 6, 3, '2019-11-07 07:49:44'),
(96, 2, 2, 5, 11, '2019-11-07 07:49:44'),
(97, 2, 2, 9, 8, '2019-11-07 07:49:44'),
(98, 2, 2, 7, 5, '2019-11-07 07:49:44'),
(99, 2, 2, 10, 7, '2019-11-07 07:49:44'),
(100, 2, 2, 8, 11, '2019-11-07 07:49:44'),
(101, 1, 1, 2, 6, '2019-11-07 07:54:31'),
(102, 1, 1, 1, 1, '2019-11-07 07:54:31'),
(103, 1, 1, 4, 9, '2019-11-07 07:54:31'),
(104, 1, 1, 3, 3, '2019-11-07 07:54:31'),
(105, 1, 1, 6, 6, '2019-11-07 07:54:31'),
(106, 1, 1, 5, 11, '2019-11-07 07:54:31'),
(107, 1, 1, 9, 9, '2019-11-07 07:54:31'),
(108, 1, 1, 7, 5, '2019-11-07 07:54:31'),
(109, 1, 1, 10, 6, '2019-11-07 07:54:31'),
(110, 1, 1, 8, 9, '2019-11-07 07:54:31'),
(111, 1, 2, 2, 11, '2019-11-07 07:54:31'),
(112, 1, 2, 1, 7, '2019-11-07 07:54:31'),
(113, 1, 2, 4, 8, '2019-11-07 07:54:31'),
(114, 1, 2, 3, 6, '2019-11-07 07:54:31'),
(115, 1, 2, 6, 9, '2019-11-07 07:54:31'),
(116, 1, 2, 5, 2, '2019-11-07 07:54:31'),
(117, 1, 2, 9, 11, '2019-11-07 07:54:31'),
(118, 1, 2, 7, 6, '2019-11-07 07:54:31'),
(119, 1, 2, 10, 2, '2019-11-07 07:54:31'),
(120, 1, 2, 8, 1, '2019-11-07 07:54:31'),
(121, 6, 1, 2, 4, '2019-11-07 09:37:46'),
(122, 6, 1, 1, 1, '2019-11-07 09:37:46'),
(123, 6, 1, 4, 6, '2019-11-07 09:37:46'),
(124, 6, 1, 3, 0, '2019-11-07 09:37:46'),
(125, 6, 1, 6, 7, '2019-11-07 09:37:46'),
(126, 6, 1, 5, 0, '2019-11-07 09:37:46'),
(127, 6, 1, 9, 7, '2019-11-07 09:37:46'),
(128, 6, 1, 7, 5, '2019-11-07 09:37:46'),
(129, 6, 1, 10, 0, '2019-11-07 09:37:46'),
(130, 6, 1, 8, 2, '2019-11-07 09:37:46'),
(131, 6, 2, 2, 0, '2019-11-07 09:37:46'),
(132, 6, 2, 1, 5, '2019-11-07 09:37:46'),
(133, 6, 2, 4, 7, '2019-11-07 09:37:46'),
(134, 6, 2, 3, 5, '2019-11-07 09:37:46'),
(135, 6, 2, 6, 4, '2019-11-07 09:37:46'),
(136, 6, 2, 5, 7, '2019-11-07 09:37:46'),
(137, 6, 2, 9, 5, '2019-11-07 09:37:46'),
(138, 6, 2, 7, 7, '2019-11-07 09:37:46'),
(139, 6, 2, 10, 1, '2019-11-07 09:37:46'),
(140, 6, 2, 8, 5, '2019-11-07 09:37:46'),
(141, 7, 1, 2, 1, '2019-11-07 11:37:10'),
(142, 7, 1, 1, 5, '2019-11-07 11:37:10'),
(143, 7, 1, 4, 3, '2019-11-07 11:37:10'),
(144, 7, 1, 3, 5, '2019-11-07 11:37:10'),
(145, 7, 1, 6, 2, '2019-11-07 11:37:10'),
(146, 7, 1, 5, 5, '2019-11-07 11:37:10'),
(147, 7, 1, 9, 4, '2019-11-07 11:37:10'),
(148, 7, 1, 7, 5, '2019-11-07 11:37:10'),
(149, 7, 1, 10, 1, '2019-11-07 11:37:10'),
(150, 7, 1, 8, 5, '2019-11-07 11:37:10'),
(151, 7, 2, 2, 5, '2019-11-07 11:37:10'),
(152, 7, 2, 1, 0, '2019-11-07 11:37:10'),
(153, 7, 2, 4, 1, '2019-11-07 11:37:10'),
(154, 7, 2, 3, 5, '2019-11-07 11:37:10'),
(155, 7, 2, 6, 9, '2019-11-07 11:37:10'),
(156, 7, 2, 5, 1, '2019-11-07 11:37:10'),
(157, 7, 2, 9, 7, '2019-11-07 11:37:10'),
(158, 7, 2, 7, 0, '2019-11-07 11:37:10'),
(159, 7, 2, 10, 0, '2019-11-07 11:37:10'),
(160, 7, 2, 8, 8, '2019-11-07 11:37:10'),
(161, 8, 1, 2, 2, '2019-11-07 14:52:42'),
(162, 8, 1, 1, 0, '2019-11-07 14:52:42'),
(163, 8, 1, 4, 0, '2019-11-07 14:52:42'),
(164, 8, 1, 3, 0, '2019-11-07 14:52:42'),
(165, 8, 1, 6, 2, '2019-11-07 14:52:42'),
(166, 8, 1, 5, 0, '2019-11-07 14:52:42'),
(167, 8, 1, 9, 2, '2019-11-07 14:52:42'),
(168, 8, 1, 7, 0, '2019-11-07 14:52:42'),
(169, 8, 1, 10, 0, '2019-11-07 14:52:42'),
(170, 8, 1, 8, 0, '2019-11-07 14:52:42'),
(171, 8, 2, 2, 0, '2019-11-07 14:52:42'),
(172, 8, 2, 1, 9, '2019-11-07 14:52:42'),
(173, 8, 2, 4, 0, '2019-11-07 14:52:42'),
(174, 8, 2, 3, 4, '2019-11-07 14:52:42'),
(175, 8, 2, 6, 0, '2019-11-07 14:52:42'),
(176, 8, 2, 5, 9, '2019-11-07 14:52:42'),
(177, 8, 2, 9, 0, '2019-11-07 14:52:42'),
(178, 8, 2, 7, 7, '2019-11-07 14:52:42'),
(179, 8, 2, 10, 0, '2019-11-07 14:52:42'),
(180, 8, 2, 8, 4, '2019-11-07 14:52:42'),
(181, 10, 1, 2, 0, '2019-11-07 16:26:03'),
(182, 10, 1, 1, 11, '2019-11-07 16:26:03'),
(183, 10, 1, 4, 0, '2019-11-07 16:26:03'),
(184, 10, 1, 3, 11, '2019-11-07 16:26:03'),
(185, 10, 1, 6, 0, '2019-11-07 16:26:03'),
(186, 10, 1, 5, 11, '2019-11-07 16:26:03'),
(187, 10, 1, 9, 1, '2019-11-07 16:26:03'),
(188, 10, 1, 7, 11, '2019-11-07 16:26:03'),
(189, 10, 1, 10, 0, '2019-11-07 16:26:03'),
(190, 10, 1, 8, 9, '2019-11-07 16:26:03'),
(191, 10, 2, 2, 11, '2019-11-07 16:26:03'),
(192, 10, 2, 1, 4, '2019-11-07 16:26:03'),
(193, 10, 2, 4, 9, '2019-11-07 16:26:03'),
(194, 10, 2, 3, 4, '2019-11-07 16:26:03'),
(195, 10, 2, 6, 9, '2019-11-07 16:26:03'),
(196, 10, 2, 5, 0, '2019-11-07 16:26:03'),
(197, 10, 2, 9, 9, '2019-11-07 16:26:03'),
(198, 10, 2, 7, 1, '2019-11-07 16:26:03'),
(199, 10, 2, 10, 9, '2019-11-07 16:26:03'),
(200, 10, 2, 8, 0, '2019-11-07 16:26:03'),
(201, 14, 1, 2, 9, '2019-11-07 18:11:08'),
(202, 14, 1, 1, 9, '2019-11-07 18:11:08'),
(203, 14, 1, 4, 7, '2019-11-07 18:11:08'),
(204, 14, 1, 3, 0, '2019-11-07 18:11:08'),
(205, 14, 1, 6, 7, '2019-11-07 18:11:08'),
(206, 14, 1, 5, 0, '2019-11-07 18:11:08'),
(207, 14, 1, 9, 5, '2019-11-07 18:11:08'),
(208, 14, 1, 7, 5, '2019-11-07 18:11:08'),
(209, 14, 1, 10, 5, '2019-11-07 18:11:08'),
(210, 14, 1, 8, 3, '2019-11-07 18:11:08'),
(211, 14, 2, 2, 0, '2019-11-07 18:11:08'),
(212, 14, 2, 1, 0, '2019-11-07 18:11:08'),
(213, 14, 2, 4, 8, '2019-11-07 18:11:08'),
(214, 14, 2, 3, 9, '2019-11-07 18:11:08'),
(215, 14, 2, 6, 5, '2019-11-07 18:11:08'),
(216, 14, 2, 5, 7, '2019-11-07 18:11:08'),
(217, 14, 2, 9, 4, '2019-11-07 18:11:08'),
(218, 14, 2, 7, 7, '2019-11-07 18:11:08'),
(219, 14, 2, 10, 5, '2019-11-07 18:11:08'),
(220, 14, 2, 8, 7, '2019-11-07 18:11:08'),
(221, 15, 1, 2, 7, '2019-11-07 19:02:45'),
(222, 15, 1, 1, 11, '2019-11-07 19:02:45'),
(223, 15, 1, 4, 11, '2019-11-07 19:02:45'),
(224, 15, 1, 3, 4, '2019-11-07 19:02:45'),
(225, 15, 1, 6, 3, '2019-11-07 19:02:45'),
(226, 15, 1, 5, 11, '2019-11-07 19:02:45'),
(227, 15, 1, 9, 11, '2019-11-07 19:02:45'),
(228, 15, 1, 7, 7, '2019-11-07 19:02:45'),
(229, 15, 1, 10, 9, '2019-11-07 19:02:45'),
(230, 15, 1, 8, 11, '2019-11-07 19:02:45'),
(231, 15, 2, 2, 3, '2019-11-07 19:02:45'),
(232, 15, 2, 1, 5, '2019-11-07 19:02:45'),
(233, 15, 2, 4, 11, '2019-11-07 19:02:45'),
(234, 15, 2, 3, 9, '2019-11-07 19:02:45'),
(235, 15, 2, 6, 1, '2019-11-07 19:02:45'),
(236, 15, 2, 5, 9, '2019-11-07 19:02:45'),
(237, 15, 2, 9, 3, '2019-11-07 19:02:45'),
(238, 15, 2, 7, 5, '2019-11-07 19:02:45'),
(239, 15, 2, 10, 9, '2019-11-07 19:02:45'),
(240, 15, 2, 8, 6, '2019-11-07 19:02:45'),
(241, 16, 1, 2, 7, '2019-11-08 07:30:16'),
(242, 16, 1, 1, 0, '2019-11-08 07:30:16'),
(243, 16, 1, 4, 5, '2019-11-08 07:30:16'),
(244, 16, 1, 3, 0, '2019-11-08 07:30:16'),
(245, 16, 1, 6, 7, '2019-11-08 07:30:16'),
(246, 16, 1, 5, 0, '2019-11-08 07:30:16'),
(247, 16, 1, 9, 5, '2019-11-08 07:30:16'),
(248, 16, 1, 7, 0, '2019-11-08 07:30:16'),
(249, 16, 1, 10, 7, '2019-11-08 07:30:16'),
(250, 16, 1, 8, 2, '2019-11-08 07:30:16'),
(251, 16, 2, 2, 0, '2019-11-08 07:30:16'),
(252, 16, 2, 1, 7, '2019-11-08 07:30:16'),
(253, 16, 2, 4, 2, '2019-11-08 07:30:16'),
(254, 16, 2, 3, 7, '2019-11-08 07:30:16'),
(255, 16, 2, 6, 1, '2019-11-08 07:30:16'),
(256, 16, 2, 5, 7, '2019-11-08 07:30:16'),
(257, 16, 2, 9, 7, '2019-11-08 07:30:16'),
(258, 16, 2, 7, 5, '2019-11-08 07:30:16'),
(259, 16, 2, 10, 7, '2019-11-08 07:30:16'),
(260, 16, 2, 8, 2, '2019-11-08 07:30:16'),
(261, 18, 1, 2, 5, '2019-11-09 15:43:06'),
(262, 18, 1, 1, 9, '2019-11-09 15:43:06'),
(263, 18, 1, 4, 11, '2019-11-09 15:43:06'),
(264, 18, 1, 3, 8, '2019-11-09 15:43:06'),
(265, 18, 1, 6, 5, '2019-11-09 15:43:06'),
(266, 18, 1, 5, 9, '2019-11-09 15:43:06'),
(267, 18, 1, 9, 4, '2019-11-09 15:43:06'),
(268, 18, 1, 7, 0, '2019-11-09 15:43:06'),
(269, 18, 1, 10, 11, '2019-11-09 15:43:06'),
(270, 18, 1, 8, 3, '2019-11-09 15:43:06'),
(271, 18, 2, 2, 4, '2019-11-09 15:43:06'),
(272, 18, 2, 1, 7, '2019-11-09 15:43:06'),
(273, 18, 2, 4, 9, '2019-11-09 15:43:06'),
(274, 18, 2, 3, 5, '2019-11-09 15:43:06'),
(275, 18, 2, 6, 5, '2019-11-09 15:43:06'),
(276, 18, 2, 5, 7, '2019-11-09 15:43:06'),
(277, 18, 2, 9, 9, '2019-11-09 15:43:06'),
(278, 18, 2, 7, 5, '2019-11-09 15:43:06'),
(279, 18, 2, 10, 11, '2019-11-09 15:43:06'),
(280, 18, 2, 8, 9, '2019-11-09 15:43:06'),
(281, 21, 1, 2, 8, '2019-11-12 13:22:34'),
(282, 21, 1, 1, 1, '2019-11-12 13:22:34'),
(283, 21, 1, 4, 3, '2019-11-12 13:22:34'),
(284, 21, 1, 3, 2, '2019-11-12 13:22:34'),
(285, 21, 1, 6, 9, '2019-11-12 13:22:34'),
(286, 21, 1, 5, 4, '2019-11-12 13:22:34'),
(287, 21, 1, 9, 9, '2019-11-12 13:22:34'),
(288, 21, 1, 7, 1, '2019-11-12 13:22:34'),
(289, 21, 1, 10, 8, '2019-11-12 13:22:34'),
(290, 21, 1, 8, 0, '2019-11-12 13:22:34'),
(291, 21, 2, 2, 1, '2019-11-12 13:22:34'),
(292, 21, 2, 1, 0, '2019-11-12 13:22:34'),
(293, 21, 2, 4, 7, '2019-11-12 13:22:34'),
(294, 21, 2, 3, 0, '2019-11-12 13:22:34'),
(295, 21, 2, 6, 5, '2019-11-12 13:22:34'),
(296, 21, 2, 5, 7, '2019-11-12 13:22:34'),
(297, 21, 2, 9, 5, '2019-11-12 13:22:34'),
(298, 21, 2, 7, 6, '2019-11-12 13:22:34'),
(299, 21, 2, 10, 0, '2019-11-12 13:22:34'),
(300, 21, 2, 8, 9, '2019-11-12 13:22:34'),
(301, 23, 1, 2, 4, '2019-11-14 13:18:09'),
(302, 23, 1, 1, 1, '2019-11-14 13:18:10'),
(303, 23, 1, 4, 3, '2019-11-14 13:18:10'),
(304, 23, 1, 3, 0, '2019-11-14 13:18:10'),
(305, 23, 1, 6, 9, '2019-11-14 13:18:10'),
(306, 23, 1, 5, 0, '2019-11-14 13:18:10'),
(307, 23, 1, 9, 8, '2019-11-14 13:18:10'),
(308, 23, 1, 7, 1, '2019-11-14 13:18:10'),
(309, 23, 1, 10, 5, '2019-11-14 13:18:10'),
(310, 23, 1, 8, 7, '2019-11-14 13:18:10'),
(311, 23, 2, 2, 3, '2019-11-14 13:18:10'),
(312, 23, 2, 1, 3, '2019-11-14 13:18:10'),
(313, 23, 2, 4, 3, '2019-11-14 13:18:10'),
(314, 23, 2, 3, 7, '2019-11-14 13:18:10'),
(315, 23, 2, 6, 0, '2019-11-14 13:18:10'),
(316, 23, 2, 5, 7, '2019-11-14 13:18:10'),
(317, 23, 2, 9, 1, '2019-11-14 13:18:10'),
(318, 23, 2, 7, 7, '2019-11-14 13:18:10'),
(319, 23, 2, 10, 0, '2019-11-14 13:18:10'),
(320, 23, 2, 8, 2, '2019-11-14 13:18:10'),
(321, 24, 1, 2, 0, '2019-11-14 13:36:00'),
(322, 24, 1, 1, 11, '2019-11-14 13:36:00'),
(323, 24, 1, 4, 1, '2019-11-14 13:36:00'),
(324, 24, 1, 3, 9, '2019-11-14 13:36:00'),
(325, 24, 1, 6, 2, '2019-11-14 13:36:00'),
(326, 24, 1, 5, 7, '2019-11-14 13:36:00'),
(327, 24, 1, 9, 1, '2019-11-14 13:36:00'),
(328, 24, 1, 7, 9, '2019-11-14 13:36:00'),
(329, 24, 1, 10, 0, '2019-11-14 13:36:00'),
(330, 24, 1, 8, 7, '2019-11-14 13:36:00'),
(331, 24, 2, 2, 5, '2019-11-14 13:36:00'),
(332, 24, 2, 1, 0, '2019-11-14 13:36:00'),
(333, 24, 2, 4, 4, '2019-11-14 13:36:00'),
(334, 24, 2, 3, 0, '2019-11-14 13:36:00'),
(335, 24, 2, 6, 5, '2019-11-14 13:36:00'),
(336, 24, 2, 5, 0, '2019-11-14 13:36:00'),
(337, 24, 2, 9, 4, '2019-11-14 13:36:00'),
(338, 24, 2, 7, 1, '2019-11-14 13:36:00'),
(339, 24, 2, 10, 1, '2019-11-14 13:36:00'),
(340, 24, 2, 8, 0, '2019-11-14 13:36:00'),
(341, 25, 1, 2, 5, '2019-11-14 13:47:28'),
(342, 25, 1, 1, 3, '2019-11-14 13:47:28'),
(343, 25, 1, 4, 4, '2019-11-14 13:47:28'),
(344, 25, 1, 3, 1, '2019-11-14 13:47:28'),
(345, 25, 1, 6, 1, '2019-11-14 13:47:28'),
(346, 25, 1, 5, 7, '2019-11-14 13:47:28'),
(347, 25, 1, 9, 6, '2019-11-14 13:47:28'),
(348, 25, 1, 7, 0, '2019-11-14 13:47:28'),
(349, 25, 1, 10, 6, '2019-11-14 13:47:28'),
(350, 25, 1, 8, 0, '2019-11-14 13:47:28'),
(351, 25, 2, 2, 2, '2019-11-14 13:47:28'),
(352, 25, 2, 1, 7, '2019-11-14 13:47:28'),
(353, 25, 2, 4, 3, '2019-11-14 13:47:28'),
(354, 25, 2, 3, 7, '2019-11-14 13:47:28'),
(355, 25, 2, 6, 5, '2019-11-14 13:47:28'),
(356, 25, 2, 5, 5, '2019-11-14 13:47:28'),
(357, 25, 2, 9, 5, '2019-11-14 13:47:28'),
(358, 25, 2, 7, 5, '2019-11-14 13:47:28'),
(359, 25, 2, 10, 2, '2019-11-14 13:47:28'),
(360, 25, 2, 8, 3, '2019-11-14 13:47:28'),
(361, 26, 1, 2, 0, '2019-11-19 08:28:15'),
(362, 26, 1, 1, 4, '2019-11-19 08:28:15'),
(363, 26, 1, 4, 0, '2019-11-19 08:28:15'),
(364, 26, 1, 3, 5, '2019-11-19 08:28:15'),
(365, 26, 1, 6, 0, '2019-11-19 08:28:15'),
(366, 26, 1, 5, 5, '2019-11-19 08:28:15'),
(367, 26, 1, 9, 0, '2019-11-19 08:28:15'),
(368, 26, 1, 7, 5, '2019-11-19 08:28:15'),
(369, 26, 1, 10, 0, '2019-11-19 08:28:15'),
(370, 26, 1, 8, 3, '2019-11-19 08:28:15'),
(371, 26, 2, 2, 5, '2019-11-19 08:28:15'),
(372, 26, 2, 1, 0, '2019-11-19 08:28:15'),
(373, 26, 2, 4, 3, '2019-11-19 08:28:15'),
(374, 26, 2, 3, 0, '2019-11-19 08:28:15'),
(375, 26, 2, 6, 5, '2019-11-19 08:28:15'),
(376, 26, 2, 5, 0, '2019-11-19 08:28:15'),
(377, 26, 2, 9, 3, '2019-11-19 08:28:15'),
(378, 26, 2, 7, 0, '2019-11-19 08:28:15'),
(379, 26, 2, 10, 5, '2019-11-19 08:28:15'),
(380, 26, 2, 8, 0, '2019-11-19 08:28:15'),
(381, 27, 1, 2, 0, '2019-11-19 16:37:09'),
(382, 27, 1, 1, 7, '2019-11-19 16:37:09'),
(383, 27, 1, 4, 1, '2019-11-19 16:37:09'),
(384, 27, 1, 3, 7, '2019-11-19 16:37:09'),
(385, 27, 1, 6, 0, '2019-11-19 16:37:09'),
(386, 27, 1, 5, 7, '2019-11-19 16:37:09'),
(387, 27, 1, 9, 1, '2019-11-19 16:37:09'),
(388, 27, 1, 7, 7, '2019-11-19 16:37:09'),
(389, 27, 1, 10, 0, '2019-11-19 16:37:09'),
(390, 27, 1, 8, 7, '2019-11-19 16:37:09'),
(391, 27, 2, 2, 7, '2019-11-19 16:37:09'),
(392, 27, 2, 1, 0, '2019-11-19 16:37:09'),
(393, 27, 2, 4, 7, '2019-11-19 16:37:09'),
(394, 27, 2, 3, 0, '2019-11-19 16:37:09'),
(395, 27, 2, 6, 7, '2019-11-19 16:37:09'),
(396, 27, 2, 5, 0, '2019-11-19 16:37:09'),
(397, 27, 2, 9, 7, '2019-11-19 16:37:09'),
(398, 27, 2, 7, 1, '2019-11-19 16:37:09'),
(399, 27, 2, 10, 7, '2019-11-19 16:37:09'),
(400, 27, 2, 8, 1, '2019-11-19 16:37:09'),
(401, 29, 1, 8, 7, '2019-11-23 18:19:08'),
(402, 29, 1, 10, 0, '2019-11-23 18:19:08'),
(403, 29, 1, 7, 7, '2019-11-23 18:19:08'),
(404, 29, 1, 9, 1, '2019-11-23 18:19:08'),
(405, 29, 1, 5, 7, '2019-11-23 18:19:08'),
(406, 29, 1, 6, 0, '2019-11-23 18:19:08'),
(407, 29, 1, 3, 7, '2019-11-23 18:19:08'),
(408, 29, 1, 4, 0, '2019-11-23 18:19:08'),
(409, 29, 1, 1, 7, '2019-11-23 18:19:08'),
(410, 29, 1, 2, 0, '2019-11-23 18:19:08'),
(411, 29, 2, 8, 7, '2019-11-23 18:19:08'),
(412, 29, 2, 10, 3, '2019-11-23 18:19:08'),
(413, 29, 2, 7, 7, '2019-11-23 18:19:08'),
(414, 29, 2, 9, 3, '2019-11-23 18:19:08'),
(415, 29, 2, 5, 7, '2019-11-23 18:19:08'),
(416, 29, 2, 6, 3, '2019-11-23 18:19:08'),
(417, 29, 2, 3, 7, '2019-11-23 18:19:08'),
(418, 29, 2, 4, 3, '2019-11-23 18:19:08'),
(419, 29, 2, 1, 7, '2019-11-23 18:19:08'),
(420, 29, 2, 2, 3, '2019-11-23 18:19:08'),
(421, 31, 1, 8, 2, '2019-11-24 11:52:57'),
(422, 31, 1, 10, 11, '2019-11-24 11:52:57'),
(423, 31, 1, 7, 0, '2019-11-24 11:52:57'),
(424, 31, 1, 9, 9, '2019-11-24 11:52:57'),
(425, 31, 1, 5, 4, '2019-11-24 11:52:57'),
(426, 31, 1, 6, 9, '2019-11-24 11:52:57'),
(427, 31, 1, 3, 6, '2019-11-24 11:52:57'),
(428, 31, 1, 4, 0, '2019-11-24 11:52:57'),
(429, 31, 1, 1, 4, '2019-11-24 11:52:57'),
(430, 31, 1, 2, 0, '2019-11-24 11:52:57'),
(431, 31, 2, 8, 8, '2019-11-24 11:52:57'),
(432, 31, 2, 10, 0, '2019-11-24 11:52:57'),
(433, 31, 2, 7, 9, '2019-11-24 11:52:57'),
(434, 31, 2, 9, 4, '2019-11-24 11:52:57'),
(435, 31, 2, 5, 9, '2019-11-24 11:52:57'),
(436, 31, 2, 6, 0, '2019-11-24 11:52:57'),
(437, 31, 2, 3, 0, '2019-11-24 11:52:57'),
(438, 31, 2, 4, 6, '2019-11-24 11:52:57'),
(439, 31, 2, 1, 0, '2019-11-24 11:52:57'),
(440, 31, 2, 2, 4, '2019-11-24 11:52:57'),
(441, 1, 1, 8, 5, '2019-12-02 11:01:08'),
(442, 1, 1, 10, 9, '2019-12-02 11:01:08'),
(443, 1, 1, 7, 7, '2019-12-02 11:01:08'),
(444, 1, 1, 9, 9, '2019-12-02 11:01:08'),
(445, 1, 1, 5, 11, '2019-12-02 11:01:08'),
(446, 1, 1, 6, 6, '2019-12-02 11:01:08'),
(447, 1, 1, 3, 3, '2019-12-02 11:01:08'),
(448, 1, 1, 4, 9, '2019-12-02 11:01:08'),
(449, 1, 1, 1, 1, '2019-12-02 11:01:08'),
(450, 1, 1, 2, 6, '2019-12-02 11:01:08'),
(451, 1, 2, 8, 1, '2019-12-02 11:01:08'),
(452, 1, 2, 10, 2, '2019-12-02 11:01:08'),
(453, 1, 2, 7, 6, '2019-12-02 11:01:08'),
(454, 1, 2, 9, 11, '2019-12-02 11:01:08'),
(455, 1, 2, 5, 2, '2019-12-02 11:01:08'),
(456, 1, 2, 6, 9, '2019-12-02 11:01:08'),
(457, 1, 2, 3, 6, '2019-12-02 11:01:08'),
(458, 1, 2, 4, 8, '2019-12-02 11:01:08'),
(459, 1, 2, 1, 7, '2019-12-02 11:01:08'),
(460, 1, 2, 2, 11, '2019-12-02 11:01:08'),
(461, 4, 1, 8, 0, '2019-12-02 11:01:49'),
(462, 4, 1, 10, 5, '2019-12-02 11:01:49'),
(463, 4, 1, 7, 0, '2019-12-02 11:01:49'),
(464, 4, 1, 9, 1, '2019-12-02 11:01:49'),
(465, 4, 1, 5, 0, '2019-12-02 11:01:49'),
(466, 4, 1, 6, 4, '2019-12-02 11:01:49'),
(467, 4, 1, 3, 0, '2019-12-02 11:01:49'),
(468, 4, 1, 4, 0, '2019-12-02 11:01:49'),
(469, 4, 1, 1, 0, '2019-12-02 11:01:49'),
(470, 4, 1, 2, 7, '2019-12-02 11:01:49'),
(471, 4, 2, 8, 5, '2019-12-02 11:01:49'),
(472, 4, 2, 10, 5, '2019-12-02 11:01:49'),
(473, 4, 2, 7, 3, '2019-12-02 11:01:49'),
(474, 4, 2, 9, 0, '2019-12-02 11:01:49'),
(475, 4, 2, 5, 0, '2019-12-02 11:01:49'),
(476, 4, 2, 6, 0, '2019-12-02 11:01:49'),
(477, 4, 2, 3, 0, '2019-12-02 11:01:49'),
(478, 4, 2, 4, 0, '2019-12-02 11:01:49'),
(479, 4, 2, 1, 7, '2019-12-02 11:01:49'),
(480, 4, 2, 2, 0, '2019-12-02 11:01:49'),
(481, 29, 1, 8, 7, '2019-12-07 08:30:22'),
(482, 29, 1, 10, 0, '2019-12-07 08:30:22'),
(483, 29, 1, 7, 0, '2019-12-07 08:30:22'),
(484, 29, 1, 9, 0, '2019-12-07 08:30:22'),
(485, 29, 1, 5, 0, '2019-12-07 08:30:22'),
(486, 29, 1, 6, 0, '2019-12-07 08:30:22'),
(487, 29, 1, 3, 0, '2019-12-07 08:30:22'),
(488, 29, 1, 4, 0, '2019-12-07 08:30:22'),
(489, 29, 1, 1, 0, '2019-12-07 08:30:22'),
(490, 29, 1, 2, 0, '2019-12-07 08:30:22'),
(491, 29, 2, 8, 7, '2019-12-07 08:30:22'),
(492, 29, 2, 10, 3, '2019-12-07 08:30:22'),
(493, 29, 2, 7, 7, '2019-12-07 08:30:22'),
(494, 29, 2, 9, 3, '2019-12-07 08:30:22'),
(495, 29, 2, 5, 7, '2019-12-07 08:30:22'),
(496, 29, 2, 6, 3, '2019-12-07 08:30:22'),
(497, 29, 2, 3, 7, '2019-12-07 08:30:22'),
(498, 29, 2, 4, 3, '2019-12-07 08:30:22'),
(499, 29, 2, 1, 7, '2019-12-07 08:30:22'),
(500, 29, 2, 2, 3, '2019-12-07 08:30:22'),
(501, 10, 1, 8, 9, '2019-12-10 07:55:12'),
(502, 10, 1, 10, 0, '2019-12-10 07:55:12'),
(503, 10, 1, 7, 11, '2019-12-10 07:55:12'),
(504, 10, 1, 9, 1, '2019-12-10 07:55:12'),
(505, 10, 1, 5, 11, '2019-12-10 07:55:12'),
(506, 10, 1, 6, 0, '2019-12-10 07:55:12'),
(507, 10, 1, 3, 11, '2019-12-10 07:55:12'),
(508, 10, 1, 4, 0, '2019-12-10 07:55:12'),
(509, 10, 1, 1, 11, '2019-12-10 07:55:12'),
(510, 10, 1, 2, 0, '2019-12-10 07:55:12'),
(511, 10, 2, 8, 4, '2019-12-10 07:55:12'),
(512, 10, 2, 10, 7, '2019-12-10 07:55:12'),
(513, 10, 2, 7, 8, '2019-12-10 07:55:12'),
(514, 10, 2, 9, 9, '2019-12-10 07:55:12'),
(515, 10, 2, 5, 9, '2019-12-10 07:55:12'),
(516, 10, 2, 6, 9, '2019-12-10 07:55:12'),
(517, 10, 2, 3, 7, '2019-12-10 07:55:12'),
(518, 10, 2, 4, 7, '2019-12-10 07:55:12'),
(519, 10, 2, 1, 4, '2019-12-10 07:55:13'),
(520, 10, 2, 2, 11, '2019-12-10 07:55:13'),
(521, 34, 1, 8, 0, '2019-12-20 16:33:35'),
(522, 34, 2, 8, 9, '2019-12-20 16:33:35'),
(523, 34, 1, 7, 1, '2019-12-20 16:33:35'),
(524, 34, 2, 7, 5, '2019-12-20 16:33:35'),
(525, 34, 1, 5, 3, '2019-12-20 16:33:35'),
(526, 34, 2, 5, 7, '2019-12-20 16:33:35'),
(527, 34, 1, 3, 4, '2019-12-20 16:33:35'),
(528, 34, 2, 3, 3, '2019-12-20 16:33:35'),
(529, 34, 1, 1, 5, '2019-12-20 16:33:35'),
(530, 34, 2, 1, 8, '2019-12-20 16:33:35'),
(531, 34, 1, 10, 5, '2019-12-20 16:33:35'),
(532, 34, 2, 10, 3, '2019-12-20 16:33:35'),
(533, 34, 1, 9, 5, '2019-12-20 16:33:35'),
(534, 34, 2, 9, 4, '2019-12-20 16:33:35'),
(535, 34, 1, 6, 2, '2019-12-20 16:33:35'),
(536, 34, 2, 6, 2, '2019-12-20 16:33:35'),
(537, 34, 1, 4, 7, '2019-12-20 16:33:35'),
(538, 34, 2, 4, 0, '2019-12-20 16:33:35'),
(539, 34, 1, 2, 11, '2019-12-20 16:33:35'),
(540, 34, 2, 2, 4, '2019-12-20 16:33:35');

-- --------------------------------------------------------

--
-- Table structure for table `sensor_labels`
--

CREATE TABLE `sensor_labels` (
  `id` int(2) NOT NULL,
  `title` varchar(100) COLLATE utf8_persian_ci NOT NULL,
  `sensor_id` int(2) NOT NULL,
  `reg_date` timestamp NOT NULL DEFAULT current_timestamp()
) ENGINE=InnoDB DEFAULT CHARSET=utf8 COLLATE=utf8_persian_ci;

--
-- Dumping data for table `sensor_labels`
--

INSERT INTO `sensor_labels` (`id`, `title`, `sensor_id`, `reg_date`) VALUES
(1, 'انرژی و نشاط', 8, '2019-11-01 16:27:36'),
(2, 'کیف  و کشش بدنی', 8, '2019-11-01 16:27:36'),
(3, 'شادابی و آرامش بدنی', 8, '2019-11-01 16:27:36'),
(4, 'خستگی و  بی حالی', 10, '2019-11-01 16:27:36'),
(5, 'رنج بدنی', 10, '2019-11-01 16:27:36'),
(6, 'دافعه بدنی', 10, '2019-11-01 16:27:36'),
(7, 'حق انتخاب و موثر بودن', 7, '2019-11-01 16:27:36'),
(8, 'قدرت', 7, '2019-11-01 16:27:36'),
(9, 'آزادی', 7, '2019-11-01 16:27:36'),
(10, 'نداشتن انتخاب', 9, '2019-11-01 16:27:36'),
(11, 'ضعف', 9, '2019-11-01 16:27:36'),
(12, 'محدودیت و ناچاری', 9, '2019-11-01 16:27:36'),
(13, 'برنده بودن', 5, '2019-11-01 16:27:36'),
(14, 'سود بردن', 5, '2019-11-01 16:27:36'),
(15, 'دارا شدن', 5, '2019-11-01 16:27:36'),
(16, 'بازنده بودن', 6, '2019-11-01 16:27:36'),
(17, 'قربانی بودن', 6, '2019-11-01 16:27:36'),
(18, 'فقیر شدن', 6, '2019-11-01 16:27:36'),
(19, 'اطمینان خاطر', 3, '2019-11-01 16:27:36'),
(20, 'تعهد', 3, '2019-11-01 16:27:36'),
(21, 'حمایت', 3, '2019-11-01 16:27:36'),
(22, 'عدم اطمینان', 4, '2019-11-01 16:27:36'),
(23, 'بی تعهدی', 4, '2019-11-01 16:27:36'),
(24, 'عدم حمایت', 4, '2019-11-01 16:27:36'),
(25, 'افتخار و احترام', 1, '2019-11-01 16:27:36'),
(26, 'اهمیت و ارزشمندی', 1, '2019-11-01 16:27:36'),
(27, 'درست بودن', 1, '2019-11-01 16:27:36'),
(28, 'حقارت و شرم', 2, '2019-11-01 16:27:36'),
(29, 'اهمیت نداشتن و بی ارزشی', 2, '2019-11-01 16:27:36'),
(30, 'اشتباه و گناه', 2, '2019-11-01 16:27:36'),
(31, 'انرژی', 8, '2019-11-06 14:27:49'),
(32, 'لذت بدنی', 8, '2019-11-06 14:27:49'),
(33, 'آرامش بدنی', 8, '2019-11-06 14:27:49'),
(34, 'کسالت', 10, '2019-11-06 14:27:49'),
(35, 'رنج بدنی', 10, '2019-11-06 14:27:49'),
(36, 'درد بدنی', 10, '2019-11-06 14:27:49'),
(37, 'آزادی', 7, '2019-11-06 14:29:57'),
(38, 'قدرت', 7, '2019-11-06 14:29:57'),
(39, 'حق انتخاب', 7, '2019-11-06 14:29:57'),
(40, 'اجبـار', 9, '2019-11-06 14:29:57'),
(41, 'ضعف', 9, '2019-11-06 14:29:57'),
(42, 'نداشتن انتخاب', 9, '2019-11-06 14:29:57'),
(43, 'بـرد', 5, '2019-11-06 14:32:25'),
(44, 'سـود', 5, '2019-11-06 14:32:25'),
(45, 'اعتبار', 5, '2019-11-06 14:32:25'),
(46, 'باخت', 6, '2019-11-06 14:32:25'),
(47, 'زیان', 6, '2019-11-06 14:32:25'),
(48, 'بی‌اعتباری', 6, '2019-11-06 14:32:25'),
(49, 'اعتماد', 3, '2019-11-06 14:34:17'),
(50, 'شهامت', 3, '2019-11-06 14:34:17'),
(51, 'حمایت', 3, '2019-11-06 14:34:17'),
(52, 'بی‌اعتمادی', 4, '2019-11-06 14:34:17'),
(53, 'تـرس', 4, '2019-11-06 14:34:17'),
(54, 'عدم‌حمایت', 4, '2019-11-06 14:34:17'),
(61, 'احتـرام', 1, '2019-11-06 14:36:34'),
(62, 'افتخـار', 1, '2019-11-06 14:36:34'),
(63, 'ارزشمندی', 1, '2019-11-06 14:36:34'),
(64, 'بی‌احترامی', 2, '2019-11-06 14:36:34'),
(65, 'تحقیر', 2, '2019-11-06 14:36:34'),
(66, 'بی‌ارزشی', 2, '2019-11-06 14:36:34');

-- --------------------------------------------------------

--
-- Table structure for table `sensor_words`
--

CREATE TABLE `sensor_words` (
  `id` int(4) NOT NULL,
  `sensor_label_id` int(2) DEFAULT NULL,
  `words` varchar(4000) COLLATE utf8_persian_ci NOT NULL,
  `priority` int(4) NOT NULL,
  `sensory_sensors_id` int(2) NOT NULL,
  `topic_type` int(1) NOT NULL DEFAULT 1 COMMENT 'یک = فعالیت، دو = رابطه',
  `status` int(1) NOT NULL DEFAULT 1,
  `description` varchar(255) COLLATE utf8_persian_ci DEFAULT NULL,
  `reg_date` timestamp NOT NULL DEFAULT current_timestamp()
) ENGINE=InnoDB DEFAULT CHARSET=utf8 COLLATE=utf8_persian_ci COMMENT='واگویه های حسی';

--
-- Dumping data for table `sensor_words`
--

INSERT INTO `sensor_words` (`id`, `sensor_label_id`, `words`, `priority`, `sensory_sensors_id`, `topic_type`, `status`, `description`, `reg_date`) VALUES
(187, 1, 'انرژیم بالا می‌ره / سرحال میام / با نشاط می‌شم / خستگی‌ام برطرف می‌شه', 1, 8, 1, 1, NULL, '2019-11-01 18:39:36'),
(188, 2, 'لذت بدنی می‌برم / کیف می‌کنم / بدنم ارضا می‌شه / مشتاق می‌شم /‌‌ پر از خواهش می‌شم', 2, 8, 1, 1, NULL, '2019-11-01 18:40:18'),
(189, 3, 'بـو ‌های خوبی تجربه می‌کنم / طعم‌های خوبی تجربه می‌کنم /  صدای گوش‌نوازی تجربه می‌کنم / بدنم نوازش می‌شه', 3, 8, 1, 1, NULL, '2019-11-01 18:40:53'),
(190, 4, 'انژریم پایین میاد / بی حال می‌شم / کسل می‌شم / خسته می‌شم', 1, 10, 1, 1, NULL, '2019-11-01 18:42:44'),
(191, 5, 'بدنم درد می‌گیره / رنج می‌کشم / بدنم ارضا نمی‌شه / سرد می‌شم / پر از انزجار می‌شم', 2, 10, 1, 1, NULL, '2019-11-01 18:43:25'),
(192, 6, 'بـو های بدی تجربه می‌کنم / طعم‌های بدی تجربه می‌کنم / صدای گوش آزار تجربه می‌کنم / کتک می‌خورم', 3, 10, 1, 1, NULL, '2019-11-01 18:43:58'),
(193, 7, 'حق انتخابم بیشتر می‌شه / می تونم تاثیرگـذار باشم / قدرت تصمیم‌گیریم بیشتر می‌شه / امکان تصمیم‌گیری دارم / می‌تونم وضعیت رو تغییر بدم / آزادی عمل دارم / روش کنترل پیدا می‌کنم / خلاق‌تـر می‌شم / کنترلش دست منه', 1, 7, 1, 1, NULL, '2019-11-01 18:47:28'),
(194, 8, 'قوی‌تـر می‌شم / احساس قدرت می‌کنم / تسلط پیدا می‌کنم / اعتماد بنفس پیدا می‌کنم / مستقل می‌شم / روی پای خودم می‌ایستم / آقـابالاسـر ندارم', 2, 7, 1, 1, NULL, '2019-11-01 18:47:28'),
(195, 9, 'آزادیم بیشتر می‌شه / فضای بیشتری پیدا می کنم / احساس آزادی و رهایی می‌کنم / انتخاب کردم / اختیارم دست خودمه / فضای شخصی بهم می‌ده / حریم خصوصیم رعایت می‌شه / ماجراجو می‌شم / کنترل نمی‌شم', 3, 7, 1, 1, NULL, '2019-11-01 18:47:28'),
(196, 10, 'حق انتخابم کمتر می‌شه / اثرگذاریم کم می‌شه / قدرت تصمیم‌گیریم کمتر می‌شه / امکان تصمیم‌گیری ندارم / نمی تونم اوضاع رو تغییر بدم / آزادی عمل ندارم / روش کنترلم از دست می‌دم / فاقد خلاقیت می‌شم / کنترلش دستم نیست', 1, 9, 1, 1, NULL, '2019-11-01 18:51:51'),
(197, 11, 'ضعیف‌تر می‌شم / احساس ضعف می‌کنم / روم تسلط پیدا می‌کنم / اعتماد بنفس از دست می‌کنم / استقلالم رو از دست می‌دم / وابسته دیگران میشم / ارباب دارم', 2, 9, 1, 1, NULL, '2019-11-01 18:52:15'),
(198, 12, 'اسیر میشم / محدود می‌شم / احساس اسارت و گیر افتادن دارم / انتخاب نکردم / اختیارم دست خودم نیست / فضای شخصیم رو می‌گیره / حریم خصوصیم نقض می‌شه / ترسو می‌شم / کنترل می‌شم', 3, 9, 1, 1, NULL, '2019-11-01 18:53:02'),
(199, 13, 'حس برنده بودن دارم / حس خوش‌شانسی دارم / خوش به حالم می‌شه / حس زرنگی می‌کنم / حس موفقیت می‌کنم', 1, 5, 1, 1, NULL, '2019-11-01 18:53:48'),
(200, 14, 'منتفع می‌شم / سود می‌کنم / فایده داره / به موقعیت طلایی می‌رسم / فرصت‌های خوبی گیرم میاد / در موقعیت ارزنده‌ای قرار می‌گیرم', 2, 5, 1, 1, NULL, '2019-11-01 18:54:18'),
(201, 15, 'بدست میارم / داراتر می‌شم / غنی‌تر می‌شم / بیشتر گیرم میاد / ثروتمندتر می‌شم / پیشرفت می‌کنم / توسعه پیدا می‌کنم / برکت پیدا می‌کنم / رفاهم بیشتر می‌شه / در فراوانی قرار می‌گیرم', 3, 5, 1, 1, NULL, '2019-11-01 18:54:55'),
(202, 16, 'حس بازنده بودن دارم / حس بدشانسی دارم / به زررم می‌شه / حس پخمگی می‌کنم / حس شکست می‌کنم', 1, 6, 1, 1, NULL, '2019-11-01 18:55:30'),
(203, 17, 'متضرر می‌شم / ضرر می‌کنم / زیان داره / در بد موقعیت قرار می‌گیرم / فرصت‌های خوبی از دست می‌دم / در موقعیت بدی قرار می‌گیرم', 2, 6, 1, 1, NULL, '2019-11-01 18:55:56'),
(204, 18, 'از دست می‌دم / ندار می‌شم / تهـی‌دست می‌شم / کمتر گیرم میاد / فقیرتـر می‌شم / پسرفت می‌کنم / درجا می‌زنم / بـی‌برکت می‌شه / رفاهم کمتر می‌شه / دچار کمبود منابع می‌شم', 3, 6, 1, 1, NULL, '2019-11-01 18:56:22'),
(205, 19, 'اوضاع پایدارتـره / از ابهام و گنگی خارج می‌شم / اوضاع قابل‌پیش‌بینیه / هماهنگی یا نظم بیشتر به وجود میاد / وضعیت قابل اطمینان یا اتکا است / بیمه می‌شم / آیندم تضمین می‌شه / می‌تونم رو آینده‌ش حساب کنم / اوضاعم مرتب می‌شه / امنیت می‌گیرم / آرامش پیدا می‌کنم  / خیالم راحت می‌شه / اوضاع شسته و رفته می‌شه / در صلح هستم', 1, 3, 1, 1, NULL, '2019-11-01 18:57:03'),
(206, 20, 'در تعهدم هستم / وفای به عهد کردم / به مسئولیت و وظایفم عمل کردم', 2, 3, 1, 1, NULL, '2019-11-01 18:57:29'),
(207, 21, 'تحت حمایت قرار می‌گیرم / به خدا نزدیک می‌شم / دوستام رو زیاد می‌کنم / نزدیکانم رو خوشحال می‌کنم / پشت و پناه پیدا می‌کنم / تأمین می‌شم / ساپورت می‌شم', 3, 3, 1, 1, NULL, '2019-11-01 18:57:58'),
(208, 22, 'اوضاع ناپایدار می‌شه / در ابهام و گنگی قرار می‌گیرم / اوضاع غیرقابل‌پیش‌بینیـه / ناهماهنگی یا بی‌نظمی بیشتر می‌شه / وضعیت غیرقابل اطمینان یا اتکا است / تضمینی ندارم / آینده م نامشخص می‌شه / نمیتونم رو آیندش حساب کنم / اوضاعم آشفته می‌شه / ناامن می‌شم / نگران می‌شم / خیالم راحت نیست / اوضاع درهم و بر هم می‌شه / در بلوا هستم', 1, 4, 1, 1, NULL, '2019-11-01 18:58:55'),
(209, 23, 'خارج از تعهدم عمل می‌کنم / خیانت کردم / به مسئولیت و وظایفم عمل نکردم', 2, 4, 1, 1, NULL, '2019-11-01 18:59:40'),
(210, 24, 'حمایت‌هام رو از دست قرار می‌دم / از خدا دور می‌شم / دوستام  رو از دست می‌دم / نزدیکانم رو ناراحت می‌کنم / بی‌پشت و پناه می‌شم / تامین نمی‌شم / ساپورت نمی‌شم', 3, 4, 1, 1, NULL, '2019-11-01 19:00:15'),
(211, 25, 'مورد توجه قرار می‌گیرم / درباره‌ام فکر خوب می‌کنند / خاص و تَک می‌شم / متفاوت می‌شم / خفن و شگفت‌انگیز می‌شم / دیده می‌شم / درباره‌ام فکر خوب می‌کنند / احساس افتخار می‌کنم / باعث افتخار می‌شم / تحسین می‌شم / تشویق می‌شم / باکلاس می‌شم / بالاتر قرار می‌گیرم / محبوب می‌شم / جایگاه پیدا می‌کنم / عزت نفسم بالا میره', 1, 1, 1, 1, NULL, '2019-11-01 19:01:01'),
(212, 26, 'شبیه قهرمانم می‌شم / کار قهرمانانه‌ای می‌کنم / منطبق با ایده های شخصیم عمل می‌کنم / به سمت / رؤیاهام حرکت می‌کنم / همسو با آرزوهامه / کار آدم‌های ارزشمند رو انجام می‌دم / از نظر خودم کار مهمی کردم / شایسته پاداش هستم', 2, 1, 1, 1, NULL, '2019-11-01 19:01:28'),
(213, 27, 'اخلاقی هستم / زیبا هستم / انسان هستم / با وجدان هستم / متمدن هستم / شرافتمند هستم / خردمند هستم / بـاهوشم / کار خیر می‌کنم / ثواب می‌کنم / مورد تـأیید خدا قرار می‌گیرم / بلوغم ‌را نشون می‌دم / شعورم رو نشون‌ می‌دم / شخصیتم رو حفظ می‌کنم / به دیگران اهمیت دادم / ارزش‌ها رو حفظ کردم / به نفع هستی عمل کردم / به نفع طبیعت عمل کردم', 3, 1, 1, 1, NULL, '2019-11-01 19:02:00'),
(214, 28, 'مورد بی‌توجهی قرار می‌گیرم / درباره‌ام فکر بد می‌کنند / معمولی می‌شم / مثل بقیه می‌شم / بی‌عرضه و پخمه می‌شم / دیده نمی‌شم / درباره‌ام بد فکر می‌کنند / احساس شرم می‌کنم / باعث افتخار کسی نمی‌شم / تمسخره می‌شم / منع می‌شم / چیپ می‌شم / پایین قرار می‌گیرم / منفور می‌شم / تحقیر می‌شم / عزت نفس پایین میاد', 1, 2, 1, 1, NULL, '2019-11-01 19:03:07'),
(215, 29, 'ضدقهرمانم می‌شم / کار بزدلانه‌ای می‌کنم / بر خلاف ایده‌های شخصیم عمل می‌کنم / بر خلاف / رؤیاهام حرکت می‌کنم / بر خلاف آرزوهامه / کار آدم‌های بی‌ارزش رو انجام می‌دم / از نظر خودم کار مهمی نمی‌کنم / سزاوار جریمه هستم', 2, 2, 1, 1, NULL, '2019-11-01 19:03:43'),
(216, 30, 'اخلاقی نیستم / زشت هستم / انسانی نیستم / بی‌وجدان هستم / وحشی هستم / شریف نیستم / احمق هستم / خنگم / کار شر می‌کنم / گناه می‌کنم / موردتأیید خدا قرار نمی‌گیرم / کم‌عقلیم را نشون می‌دم / بی شعوریم رو نشون می‌دم / شخصیتم رو از دست می‌دم / به دیگران بی محلی دادم / ضد ارزش‌ها عمل کردم / به زیان جهان عمل کردم / به طبیعت آسیب رساندم', 3, 2, 1, 1, '', '2019-11-01 19:04:30'),
(223, 31, 'انرژیم رو بالا می‌بره / سرحالم میاره / با نشاطـم می‌کنه / خستگیـمو برطرف می‌کنه / سرکیفم می‌یاره / بدنمـو نوازش می‌کنه / باهاش تن‌آسودگی رو تجربه می‌کنم / باهاش لطافت بـدنی رو تجربه می‌کنم', 1, 8, 2, 1, NULL, '2019-11-06 15:15:42'),
(224, 32, 'لذت بدنی بهـم می‌ده / بدنمـو ارضا می‌کنه / بدنم رو سر شوق میاره / بدنم رو ‌پر از خواهش می‌کنه', 2, 8, 2, 1, NULL, '2019-11-06 15:15:42'),
(225, 33, 'لذت صوتی داره (خوش‌صداست، گوش‌نـوازه . . .) / لذت بصری داره (خوش‌چهره است، خوش‌لباسـه . . .) / لذت لمسی داره (نوازش می‌کنه، لطیف لمس می‌کنه . . .) / لذت بویایی داره (بوی خوبی می‌ده، خوش‌عـطره . . .) / لذت چشایی داره (باهاش طعم‌های خوب رو می‌چشم . . .)', 3, 8, 2, 1, NULL, '2019-11-06 15:15:42'),
(226, 34, 'انرژیم رو پایین می‌یاره / حوصله‌م رو سر می‌بره / بی‌حالم می‌کنه / خسته‌ام می‌کنه / ضدحالـه / بدنمـو آسیب می‌زنه / باهاش آزار رو تجربه می‌کنم / باهاش خشونت بـدنی رو تجربه می‌کنم', 1, 10, 2, 1, NULL, '2019-11-06 15:15:42'),
(227, 35, 'رنج بدنی بهـم می‌ده / بدنمـو ارضا نمی‌کنه / بدنم رو سر شوق نـمیاره / بدنم رو ‌پر از بیزاری می‌کنه', 2, 10, 2, 1, NULL, '2019-11-06 15:15:42'),
(228, 36, 'آزار صوتی داره (بد صداست، خر و پف می کنه...) / آزار بصری داره (بد چهره است، بد لباسه، . . .) / آزار لمسی داره (کتک می‌زنه، بد لمس می‌کنه . . .) / آزار بویایی داره (بوی بد می‌ده ...) / آزار چشایی داره (ناچار می‌شم غذای بدی بخورم، . . .)', 3, 10, 2, 1, NULL, '2019-11-06 15:15:42'),
(229, 37, 'بهم آزادی عمل می‌ده / بهم حق انتخاب می‌ده / درحضورش احساس قدرت می‌کنم/ به خلاقیت تشویقم می‌کنه / شهامت خلاق‌بودن بهم می‌ده / بهم فضای شخصی می‌ده / بهم اختیار می‌ده / اختیاردهنده‌ست / حریم خصوصیم رو رعایت می‌کنه/ دخالت بی‌جا نمی‌کنه / حرف زور نمی‌زنه / مچ‌گیری نمی‌کنه / محدودم نمی‌کنه / مجبورم نمی‌کنه / کنترلم نمی‌کنه', 1, 7, 2, 1, NULL, '2019-11-06 15:36:36'),
(230, 38, 'تنهایی تصمیم نمی‌گیره / روش نفوذ دارم / نظرم روش اثر داره / به حرفم گوش می‌ده / تحت تأثیر منه', 2, 7, 2, 1, NULL, '2019-11-06 15:36:36'),
(231, 39, 'اون انتخاب منه / اون می‌تونه گزینه محبوب من باشه / تجربه من با او از سر قدرت و آزادیه / اگه دست خودم‌ بود من بازم اون رو انتخاب می‌کردم', 3, 7, 2, 1, NULL, '2019-11-06 15:36:36'),
(232, 40, 'آزادی عملم رو می‌گیره / حق انتخاب رو ازم می‌گیره/ در حضورش احساس ضعف می‌کنم / مانع خلاقیتم می‌شه / شهامت خلاق بودن رو ازم می‌گیره / فضای شخصیم رو می‌گیره /  بهم حس اجبار می‌ده / مجبورکننده‌ست/ حریم خصوصیم رو رعایت نمی‌کنه /  دخالت بی‌جا می‌کنه/ حرف زور می‌زنه / مچ گیری می‌کنه / محدودم می‌کنه / مجبورم می‌کنه / کنترلم می‌کنه', 1, 9, 2, 1, NULL, '2019-11-06 15:42:13'),
(233, 41, 'تنهایی تصمیم می‌گیره / روش نفوذ ندارم / نظرم روش اثر نـداره / به حرفم گوش نـمی‌ده / تحت تأثیر من نیست', 2, 9, 2, 1, NULL, '2019-11-06 15:42:13'),
(234, 42, 'اون انتخاب من نیست / اون گزینه محبوب من نبوده / تجربه من با او از سر ضعف و اجباره / اگه دست خودم‌ بود هرگز او رو انتخاب نـمی‌کردم', 3, 9, 2, 1, NULL, '2019-11-06 15:42:13'),
(235, 43, 'بهم احساس برنده بودن می‌ده / چقدر برام امتیاز و دستاورد داره / خوش‌شانسی میاره برام / بودنش کنارم مفیـده / برام اثـرگذاره', 1, 5, 2, 1, NULL, '2019-11-06 16:00:07'),
(236, 44, 'بهم منفعت می‌رسونه / حضورش کنارم سـودداره / برام بـابرکته (قدم خیره) / باعث پیشرفتم می‌شه / بهم فایده میرسونه/ به دردم می‌خوره / خیـررسانه / یاددهنده‌ست / فرصت‌دهنده‌ست', 2, 5, 2, 1, NULL, '2019-11-06 16:00:07'),
(237, 45, 'بهم اعتبار می‌ده / برام فرصت‌سازه / برام ارزش‌آفرینه / برام موقعیت‌های جدید خلق می‌کنه / برام آینده داره / بودن باهاش سرمایه‌گذاریه / بودنش اوضاعم رو بهتر می‌کنه / باهاش بودن باعث تجربه کسب کردنه / باعث کسب مهارته / بهم امید میده / بودنش دنیام رو جای بهتری می‌کنه', 3, 5, 2, 1, NULL, '2019-11-06 16:00:07'),
(238, 46, 'بهم احساس بازنده بودن می‌ده / باهاش امتیازامو از دست می‌دم / بدشانسی میاره برام / بودنش کنار من مضره/برام اثـرگذار نیست', 1, 6, 2, 1, NULL, '2019-11-06 16:05:33'),
(239, 47, 'بهم ضرر می‌رسونه / حضورش کنارم ضرر داره / برام بی‌برکته / باعث پسرفتم می‌شه / بهم ضرر می‌رسونه / به دردم نمی‌خوره / برام بی خیر و برکته / آویـزونه / فرصتام رو می‌سوزونه', 2, 6, 2, 1, NULL, '2019-11-06 16:05:33'),
(240, 48, 'بی‌اعتبارم می‌کنه / فرصت‌هام رو هدر می‌ده / باهاش ارزشم رو از دست می‌دم / برام موقعیت جدیدی خلق نـمی‌کنه / برام آینده نـداره / بودن باهاش سرمایه‌گذاری نیست / بودنش اوضاعم رو بدتر می‌کنه / باهاش بودن تجربه‌هامو خراب می‌کنه / مانع کسب مهارته / ناامیدم می‌کنه / بودنش دنیام رو جای بدتری می‌کنه', 3, 6, 2, 1, NULL, '2019-11-06 16:05:33'),
(241, 49, 'قابل‌اعتماده / امنه / وفاداره / روش می‌تونم حساب کنم / بی‌خطره / خیالم ازش راحته / صادقه / قصدش کمک به منه / روراسته / پایداره / درستکاره / امینه / متعهده / تحت کنترلـه / مـاندگاره / تضمین‌شده‌ست', 1, 3, 2, 1, NULL, '2019-11-06 16:09:31'),
(242, 50, 'قابل اتکاست / بهم جرأت می‌ده / بهم اطمینان خاطر و حس اعتماد می‌ده', 2, 3, 2, 1, NULL, '2019-11-06 16:09:31'),
(243, 51, 'روش می‌تونم حساب کنم / همراهه / حمایتم  می‌کنه / بهم وفاداره / کنارمه / بهـم آسیب نمی‌رسونه / رفیقمـه / بهش عـِرق دارم', 3, 3, 2, 1, NULL, '2019-11-06 16:09:31'),
(244, 52, 'قابل‌اعتماد نیست / ناامنه / خائنه / روش نمیشه حساب کرد / خطرناکه / مطمئن نیست / دروغگو است / قصدش آزار دادن منه / قصدش فریب منه / ناپایداره / خلافکاره /  امین نیست / متعهد نیست / غیرقابل کنترله / رفتنیه / تضمینی نـداره', 1, 4, 2, 1, NULL, '2019-11-06 16:13:42'),
(245, 53, 'قابل اتکا نیست /من رو نگران می‌کنه / اطمینان‌خاطر و اعتماد رو ازم می‌گیره', 2, 4, 2, 1, NULL, '2019-11-06 16:13:42'),
(246, 54, 'روش نمی‌تونم حساب کنم / ولم می‌کنه / حمایتم نمی‌کنه / خیانت می‌کنه / می‌زاره می‌ره / بهـم آسیب می‌رسونه / غریبه‌ست / به من ربطی نداره', 3, 4, 2, 1, NULL, '2019-11-06 16:13:42'),
(247, 61, 'آدم درستیه / قابل تأییده / خانواده داره / ارزشمنده / عالیه / خوشگله / حرف نداره / برام مهمه / باسواده / فهمیده‌ست / دوست‌داشتنیه / شایسته است / اصالت داره / قابل قبوله/ قابل احترامه / این رابطه از سر آگاهی و خرد است', 1, 1, 2, 1, NULL, '2019-11-06 16:19:42'),
(248, 62, 'باعث سربلندیه / باعث‌افتخاره / باعث غروره / آبرومـنده / صادقـه / چه خوب می‌گه / می‌فهمه / چه خوب عمل کرد / کارش قشنگ بود  / کارش درسته / عالیـه / تحسین‌برانگیزه / بر حقـه / دمـش گرم / قابل تقدیره / لایک داره / خردمندانه است / غرورانگیزه', 2, 1, 2, 1, NULL, '2019-11-06 16:19:42'),
(249, 63, 'مهمـه / دیده می‌شه / ارزشمنده / زیباست/ برازنده‌ی هم هستیم / مورد توجهـه / موفقـه / لایق پیشرفتـه / باعـرضـه‌ست/  از من بهتره', 3, 1, 2, 1, NULL, '2019-11-06 16:19:42'),
(250, 64, 'آدم نادرستیه / غیرقابل تأییده / بی‌اصل و نسـبه / بی‌ارزشه / چیپه / زشته / مثلـش زیاده / برام مهم نیست / بی‌سواده / نمی‌فهمه / دوست‌داشتنی نیست / ناشایستـه / بی‌اصالته / غیرقابل قبوله / باعث خجالته / ین رابطه از سر حماقت و ندانم کاری است', 1, 2, 2, 1, NULL, '2019-11-06 16:25:17'),
(251, 65, 'باعث سرافکندگیـه / باعث حقارته / بی‌آبرویـیـه / خالی‌بنده / بد حرف می‌زنه / نفهمـه / خراب‌کاره / کارش زشت بود / کارش درست نیست / ضایع است / تأسف‌برانگیزه / نـاحـقه / خراب کرد / شرم‌آوره / احمقانه است / تحقیرآمیزه', 2, 2, 2, 1, NULL, '2019-11-06 16:25:17'),
(252, 66, 'بـی‌اهمیته / دیده نمی‌شه / بی‌ارزشه / زشتـه / به هم نمیاییم / قابل توجه نیست / ناموفقـه / بی‌لیاقـته / بی‌عرضـه‌ست / از من بـدتره', 3, 2, 2, 1, NULL, '2019-11-06 16:25:17');

-- --------------------------------------------------------

--
-- Table structure for table `sessions_member`
--

CREATE TABLE `sessions_member` (
  `Sessions_member_id` int(11) NOT NULL,
  `remote_addr` varchar(30) COLLATE utf8_persian_ci NOT NULL DEFAULT '',
  `last_access_time` datetime NOT NULL DEFAULT '0000-00-00 00:00:00',
  `logout_time` datetime NOT NULL DEFAULT '0000-00-00 00:00:00',
  `user_id` int(11) DEFAULT NULL,
  `remember_me` varchar(50) COLLATE utf8_persian_ci DEFAULT NULL
) ENGINE=InnoDB DEFAULT CHARSET=utf8 COLLATE=utf8_persian_ci;

--
-- Dumping data for table `sessions_member`
--

INSERT INTO `sessions_member` (`Sessions_member_id`, `remote_addr`, `last_access_time`, `logout_time`, `user_id`, `remember_me`) VALUES
(1, '127.0.0.1', '2019-09-26 19:28:46', '0000-00-00 00:00:00', 3, ''),
(2, '127.0.0.1', '2019-09-26 20:50:33', '0000-00-00 00:00:00', 3, ''),
(3, '127.0.0.1', '2019-09-27 16:20:28', '0000-00-00 00:00:00', 3, ''),
(4, '127.0.0.1', '2019-09-27 17:03:48', '0000-00-00 00:00:00', 3, ''),
(5, '127.0.0.1', '2019-09-28 11:36:20', '0000-00-00 00:00:00', 3, ''),
(6, '127.0.0.1', '2019-10-01 21:54:16', '0000-00-00 00:00:00', 3, ''),
(7, '127.0.0.1', '2019-10-01 22:04:15', '0000-00-00 00:00:00', 3, ''),
(8, '127.0.0.1', '2019-10-01 22:13:05', '0000-00-00 00:00:00', 3, ''),
(9, '127.0.0.1', '2019-10-02 00:48:04', '0000-00-00 00:00:00', 3, ''),
(10, '127.0.0.1', '2019-10-02 07:15:37', '0000-00-00 00:00:00', 3, ''),
(11, '127.0.0.1', '2019-10-03 07:43:50', '0000-00-00 00:00:00', 3, ''),
(12, '127.0.0.1', '2019-10-04 18:37:44', '0000-00-00 00:00:00', 3, ''),
(13, '127.0.0.1', '2019-10-04 20:13:11', '0000-00-00 00:00:00', 3, ''),
(14, '127.0.0.1', '2019-10-04 20:16:26', '0000-00-00 00:00:00', 3, ''),
(15, '127.0.0.1', '2019-10-05 08:18:00', '0000-00-00 00:00:00', 3, ''),
(16, '127.0.0.1', '2019-10-05 18:06:15', '0000-00-00 00:00:00', 3, ''),
(17, '127.0.0.1', '2019-10-06 21:00:31', '0000-00-00 00:00:00', 3, ''),
(18, '127.0.0.1', '2019-10-06 21:28:04', '0000-00-00 00:00:00', 3, ''),
(19, '127.0.0.1', '2019-10-06 22:52:44', '0000-00-00 00:00:00', 3, ''),
(20, '127.0.0.1', '2019-10-07 00:14:32', '0000-00-00 00:00:00', 3, ''),
(21, '127.0.0.1', '2019-10-07 01:17:32', '0000-00-00 00:00:00', 3, ''),
(22, '127.0.0.1', '2019-10-07 10:55:25', '0000-00-00 00:00:00', 3, ''),
(23, '172.20.10.1', '2019-10-08 09:59:29', '0000-00-00 00:00:00', 3, ''),
(24, '172.20.10.1', '2019-10-08 11:13:51', '0000-00-00 00:00:00', 3, ''),
(25, '127.0.0.1', '2019-10-12 16:42:37', '0000-00-00 00:00:00', 3, ''),
(26, '127.0.0.1', '2019-10-12 17:35:33', '0000-00-00 00:00:00', 3, ''),
(27, '172.20.10.1', '2019-10-13 15:45:21', '0000-00-00 00:00:00', 3, ''),
(28, '127.0.0.1', '2019-10-13 16:12:56', '0000-00-00 00:00:00', 3, ''),
(29, '127.0.0.1', '2019-10-14 03:38:50', '0000-00-00 00:00:00', 3, ''),
(30, '127.0.0.1', '2019-10-14 19:38:52', '0000-00-00 00:00:00', 5, ''),
(31, '127.0.0.1', '2019-10-14 19:53:56', '0000-00-00 00:00:00', 5, ''),
(32, '127.0.0.1', '2019-10-14 20:12:58', '0000-00-00 00:00:00', 6, ''),
(33, '127.0.0.1', '2019-10-14 20:14:55', '0000-00-00 00:00:00', 6, ''),
(34, '127.0.0.1', '2019-10-14 20:23:01', '0000-00-00 00:00:00', 3, ''),
(35, '127.0.0.1', '2019-10-14 20:30:35', '0000-00-00 00:00:00', 3, ''),
(36, '127.0.0.1', '2019-10-14 20:58:12', '0000-00-00 00:00:00', 3, ''),
(37, '127.0.0.1', '2019-10-15 01:29:04', '0000-00-00 00:00:00', 3, ''),
(38, '127.0.0.1', '2019-10-15 23:27:17', '0000-00-00 00:00:00', 3, ''),
(39, '127.0.0.1', '2019-10-16 09:18:47', '0000-00-00 00:00:00', 3, ''),
(40, '127.0.0.1', '2019-10-17 10:56:08', '0000-00-00 00:00:00', 3, ''),
(41, '127.0.0.1', '2019-10-17 16:32:13', '0000-00-00 00:00:00', 3, ''),
(42, '127.0.0.1', '2019-10-19 12:51:02', '0000-00-00 00:00:00', 3, ''),
(43, '127.0.0.1', '2019-10-22 17:44:02', '0000-00-00 00:00:00', 3, ''),
(44, '127.0.0.1', '2019-10-23 22:43:14', '0000-00-00 00:00:00', 3, ''),
(45, '127.0.0.1', '2019-10-24 19:38:25', '0000-00-00 00:00:00', 3, ''),
(46, '127.0.0.1', '2019-10-25 11:05:12', '0000-00-00 00:00:00', 3, ''),
(47, '127.0.0.1', '2019-10-25 11:23:04', '0000-00-00 00:00:00', 3, ''),
(48, '172.20.10.1', '2019-10-25 20:43:14', '0000-00-00 00:00:00', 3, ''),
(49, '127.0.0.1', '2019-10-26 00:34:41', '0000-00-00 00:00:00', 3, ''),
(50, '127.0.0.1', '2019-10-29 06:21:13', '0000-00-00 00:00:00', 3, ''),
(51, '127.0.0.1', '2019-11-01 10:32:30', '0000-00-00 00:00:00', 3, ''),
(52, '127.0.0.1', '2019-11-02 00:04:54', '0000-00-00 00:00:00', 3, ''),
(53, '127.0.0.1', '2019-11-02 17:34:52', '0000-00-00 00:00:00', 3, ''),
(54, '127.0.0.1', '2019-11-06 02:08:21', '0000-00-00 00:00:00', 6, ''),
(55, '127.0.0.1', '2019-11-06 02:20:37', '0000-00-00 00:00:00', 8, ''),
(56, '5.211.49.149', '2019-11-06 18:19:45', '0000-00-00 00:00:00', 4, ''),
(57, '5.211.149.137', '2019-11-06 19:07:18', '0000-00-00 00:00:00', 3, ''),
(58, '87.107.195.42', '2019-11-06 19:21:02', '0000-00-00 00:00:00', 5, ''),
(59, '87.107.195.42', '2019-11-06 19:48:43', '0000-00-00 00:00:00', 5, ''),
(60, '5.211.49.149', '2019-11-06 19:51:59', '0000-00-00 00:00:00', 3, ''),
(61, '87.107.195.42', '2019-11-06 19:58:49', '0000-00-00 00:00:00', 5, ''),
(62, '87.107.195.42', '2019-11-06 21:31:42', '0000-00-00 00:00:00', 5, ''),
(63, '5.211.49.149', '2019-11-07 05:11:00', '0000-00-00 00:00:00', 3, ''),
(64, '5.211.49.149', '2019-11-07 07:35:50', '0000-00-00 00:00:00', 3, ''),
(65, '87.107.216.16', '2019-11-07 09:18:23', '0000-00-00 00:00:00', 5, ''),
(66, '5.211.49.149', '2019-11-07 10:45:37', '0000-00-00 00:00:00', 3, ''),
(67, '31.2.174.184', '2019-11-07 14:32:39', '0000-00-00 00:00:00', 9, ''),
(68, '87.107.216.16', '2019-11-07 14:43:35', '0000-00-00 00:00:00', 5, ''),
(69, '5.208.139.5', '2019-11-07 15:16:15', '0000-00-00 00:00:00', 6, ''),
(70, '5.113.172.27', '2019-11-07 15:23:30', '0000-00-00 00:00:00', 6, ''),
(71, '5.208.139.5', '2019-11-07 15:33:22', '0000-00-00 00:00:00', 3, ''),
(72, '184.68.10.22', '2019-11-07 16:12:35', '0000-00-00 00:00:00', 10, ''),
(73, '5.208.139.5', '2019-11-07 16:13:11', '0000-00-00 00:00:00', 3, ''),
(74, '195.181.18.19', '2019-11-07 16:20:32', '0000-00-00 00:00:00', 11, ''),
(75, '5.113.172.27', '2019-11-07 16:44:54', '0000-00-00 00:00:00', 6, ''),
(76, '184.68.10.22', '2019-11-07 16:45:11', '0000-00-00 00:00:00', 10, ''),
(77, '5.112.90.72', '2019-11-07 17:47:09', '0000-00-00 00:00:00', 12, ''),
(78, '5.113.232.137', '2019-11-07 18:56:48', '0000-00-00 00:00:00', 6, ''),
(79, '89.196.62.112', '2019-11-07 19:33:14', '0000-00-00 00:00:00', 14, ''),
(80, '5.208.128.162', '2019-11-07 20:10:03', '0000-00-00 00:00:00', 3, ''),
(81, '46.166.148.205', '2019-11-07 20:52:14', '0000-00-00 00:00:00', 14, ''),
(82, '5.208.128.162', '2019-11-07 21:01:39', '0000-00-00 00:00:00', 3, ''),
(83, '5.210.127.200', '2019-11-08 07:17:10', '0000-00-00 00:00:00', 14, ''),
(84, '89.196.167.17', '2019-11-08 07:58:30', '0000-00-00 00:00:00', 3, ''),
(85, '86.55.119.45', '2019-11-08 10:17:50', '0000-00-00 00:00:00', 3, ''),
(86, '91.251.153.75', '2019-11-08 11:12:53', '0000-00-00 00:00:00', 3, ''),
(87, '89.196.167.17', '2019-11-08 13:03:57', '0000-00-00 00:00:00', 3, ''),
(88, '89.199.128.111', '2019-11-08 15:37:37', '0000-00-00 00:00:00', 3, ''),
(89, '5.209.209.113', '2019-11-09 15:05:13', '0000-00-00 00:00:00', 13, ''),
(90, '148.153.115.37', '2019-11-09 15:14:58', '0000-00-00 00:00:00', 13, ''),
(91, '148.153.115.5', '2019-11-10 19:06:17', '0000-00-00 00:00:00', 13, ''),
(92, '89.199.46.55', '2019-11-11 20:29:51', '0000-00-00 00:00:00', 3, ''),
(93, '91.233.57.2', '2019-11-12 07:33:42', '0000-00-00 00:00:00', 5, ''),
(94, '49.195.137.206', '2019-11-12 13:12:38', '0000-00-00 00:00:00', 17, ''),
(95, '49.195.137.206', '2019-11-14 12:51:52', '0000-00-00 00:00:00', 17, ''),
(96, '188.229.67.123', '2019-11-15 12:37:26', '0000-00-00 00:00:00', 3, ''),
(97, '5.209.248.207', '2019-11-15 12:47:54', '0000-00-00 00:00:00', 3, ''),
(98, '31.2.131.135', '2019-11-15 15:20:26', '0000-00-00 00:00:00', 5, ''),
(99, '91.251.240.102', '2019-11-15 15:41:09', '0000-00-00 00:00:00', 3, ''),
(100, '188.229.35.174', '2019-11-15 16:33:54', '0000-00-00 00:00:00', 3, ''),
(101, '31.2.222.127', '2019-11-15 17:32:28', '0000-00-00 00:00:00', 3, ''),
(102, '31.2.222.127', '2019-11-15 20:57:48', '0000-00-00 00:00:00', 3, ''),
(103, '5.209.104.205', '2019-11-16 01:35:57', '0000-00-00 00:00:00', 3, ''),
(104, '5.208.63.18', '2019-11-17 20:18:21', '0000-00-00 00:00:00', 3, ''),
(105, '5.208.63.18', '2019-11-17 21:43:33', '0000-00-00 00:00:00', 3, ''),
(106, '5.209.86.82', '2019-11-18 05:25:28', '0000-00-00 00:00:00', 3, ''),
(107, '91.233.57.2', '2019-11-18 05:32:06', '0000-00-00 00:00:00', 3, ''),
(108, '5.209.86.82', '2019-11-18 06:58:45', '0000-00-00 00:00:00', 3, ''),
(109, '204.18.91.192', '2019-11-18 07:57:26', '0000-00-00 00:00:00', 3, ''),
(110, '87.107.220.182', '2019-11-18 08:06:39', '0000-00-00 00:00:00', 5, ''),
(111, '86.55.104.250', '2019-11-18 08:09:42', '0000-00-00 00:00:00', 3, ''),
(112, '89.198.18.26', '2019-11-18 08:11:22', '0000-00-00 00:00:00', 3, ''),
(113, '5.112.75.195', '2019-11-18 08:15:05', '0000-00-00 00:00:00', 3, ''),
(114, '86.55.104.250', '2019-11-18 08:17:57', '0000-00-00 00:00:00', 3, ''),
(115, '5.114.68.41', '2019-11-18 08:23:26', '0000-00-00 00:00:00', 3, ''),
(116, '91.233.57.2', '2019-11-18 12:01:31', '0000-00-00 00:00:00', 3, ''),
(117, '5.210.37.66', '2019-11-18 12:51:04', '0000-00-00 00:00:00', 3, ''),
(118, '5.209.178.102', '2019-11-18 13:42:00', '0000-00-00 00:00:00', 3, ''),
(119, '31.2.128.123', '2019-11-18 13:45:49', '0000-00-00 00:00:00', 3, ''),
(120, '31.2.128.123', '2019-11-18 13:52:09', '0000-00-00 00:00:00', 3, ''),
(121, '89.196.209.112', '2019-11-18 14:13:15', '0000-00-00 00:00:00', 5, ''),
(122, '5.106.253.196', '2019-11-18 17:32:40', '0000-00-00 00:00:00', 3, ''),
(123, '91.251.8.69', '2019-11-18 17:44:32', '0000-00-00 00:00:00', 3, ''),
(124, '80.253.154.2', '2019-11-19 08:19:53', '0000-00-00 00:00:00', 18, ''),
(125, '89.196.70.143', '2019-11-19 10:38:58', '0000-00-00 00:00:00', 5, ''),
(126, '89.199.175.246', '2019-11-19 10:48:11', '0000-00-00 00:00:00', 3, ''),
(127, '5.115.166.174', '2019-11-19 16:22:22', '0000-00-00 00:00:00', 19, ''),
(128, '91.233.57.2', '2019-11-20 04:50:37', '0000-00-00 00:00:00', 5, ''),
(129, '91.233.57.2', '2019-11-20 05:12:09', '0000-00-00 00:00:00', 5, ''),
(130, '37.228.136.20', '2019-11-20 14:59:46', '0000-00-00 00:00:00', 3, ''),
(131, '5.210.202.93', '2019-11-20 15:48:51', '0000-00-00 00:00:00', 3, ''),
(132, '46.51.81.231', '2019-11-21 06:24:52', '0000-00-00 00:00:00', 3, ''),
(133, '46.51.81.231', '2019-11-21 09:25:07', '0000-00-00 00:00:00', 3, ''),
(134, '188.210.69.141', '2019-11-21 18:10:01', '0000-00-00 00:00:00', 3, ''),
(135, '188.210.69.141', '2019-11-21 18:24:49', '0000-00-00 00:00:00', 3, ''),
(136, '2.191.201.211', '2019-11-21 18:38:14', '0000-00-00 00:00:00', 3, ''),
(137, '2.191.201.211', '2019-11-21 19:04:15', '0000-00-00 00:00:00', 3, ''),
(138, '5.52.33.5', '2019-11-21 19:59:50', '0000-00-00 00:00:00', 3, ''),
(139, '204.18.124.254', '2019-11-22 06:41:33', '0000-00-00 00:00:00', 3, ''),
(140, '5.52.81.75', '2019-11-22 09:34:54', '0000-00-00 00:00:00', 3, ''),
(141, '204.18.159.38', '2019-11-22 09:36:12', '0000-00-00 00:00:00', 3, ''),
(142, '2.191.229.119', '2019-11-22 09:54:10', '0000-00-00 00:00:00', 3, ''),
(143, '91.133.241.1', '2019-11-22 10:11:16', '0000-00-00 00:00:00', 3, ''),
(144, '91.251.45.250', '2019-11-22 10:17:26', '0000-00-00 00:00:00', 3, ''),
(145, '2.191.206.71', '2019-11-22 11:51:38', '0000-00-00 00:00:00', 3, ''),
(146, '2.191.209.122', '2019-11-22 13:37:00', '0000-00-00 00:00:00', 3, ''),
(147, '91.251.102.34', '2019-11-22 17:14:16', '0000-00-00 00:00:00', 3, ''),
(148, '2.191.210.156', '2019-11-22 17:21:24', '0000-00-00 00:00:00', 3, ''),
(149, '91.251.158.102', '2019-11-22 17:57:05', '0000-00-00 00:00:00', 3, ''),
(150, '91.251.158.102', '2019-11-22 18:12:53', '0000-00-00 00:00:00', 3, ''),
(151, '5.209.117.142', '2019-11-22 19:21:44', '0000-00-00 00:00:00', 3, ''),
(152, '89.196.25.158', '2019-11-22 19:29:12', '0000-00-00 00:00:00', 3, ''),
(153, '2.191.210.156', '2019-11-22 19:32:41', '0000-00-00 00:00:00', 3, ''),
(154, '5.212.208.109', '2019-11-22 20:16:19', '0000-00-00 00:00:00', 3, ''),
(155, '89.199.76.235', '2019-11-23 04:53:24', '0000-00-00 00:00:00', 3, ''),
(156, '94.139.172.74', '2019-11-23 06:12:30', '0000-00-00 00:00:00', 3, ''),
(157, '89.199.176.151', '2019-11-23 07:55:08', '0000-00-00 00:00:00', 3, ''),
(158, '91.233.57.2', '2019-11-23 08:03:50', '0000-00-00 00:00:00', 5, ''),
(159, '89.199.246.143', '2019-11-23 09:37:01', '0000-00-00 00:00:00', 3, ''),
(160, '5.113.9.193', '2019-11-23 16:54:50', '0000-00-00 00:00:00', 19, ''),
(161, '5.113.9.193', '2019-11-23 18:12:00', '0000-00-00 00:00:00', 19, ''),
(162, '5.106.232.74', '2019-11-23 19:22:46', '0000-00-00 00:00:00', 3, ''),
(163, '37.202.182.94', '2019-11-24 10:07:02', '0000-00-00 00:00:00', 3, ''),
(164, '37.202.182.94', '2019-11-24 10:33:57', '0000-00-00 00:00:00', 3, ''),
(165, '5.106.177.203', '2019-11-24 10:47:33', '0000-00-00 00:00:00', 3, ''),
(166, '5.106.177.203', '2019-11-24 11:38:24', '0000-00-00 00:00:00', 3, ''),
(167, '37.202.155.36', '2019-11-24 11:48:07', '0000-00-00 00:00:00', 5, ''),
(168, '37.202.165.211', '2019-11-24 12:39:11', '0000-00-00 00:00:00', 3, ''),
(169, '5.106.177.203', '2019-11-24 13:06:36', '0000-00-00 00:00:00', 3, ''),
(170, '91.233.57.2', '2019-11-26 07:39:30', '0000-00-00 00:00:00', 3, ''),
(171, '94.139.172.74', '2019-11-28 12:18:00', '0000-00-00 00:00:00', 3, ''),
(172, '93.117.188.102', '2019-11-28 15:11:03', '0000-00-00 00:00:00', 3, ''),
(173, '93.117.188.102', '2019-11-28 21:22:50', '2019-11-28 21:24:08', 3, ''),
(174, '93.117.188.102', '2019-11-28 21:30:54', '0000-00-00 00:00:00', 3, ''),
(175, '93.117.188.102', '2019-11-28 23:24:02', '0000-00-00 00:00:00', 3, ''),
(176, '93.117.188.102', '2019-11-28 23:25:54', '2019-11-28 23:27:07', 3, ''),
(177, '2.191.224.130', '2019-11-29 13:50:14', '0000-00-00 00:00:00', 3, ''),
(178, '5.106.251.247', '2019-11-29 16:25:15', '0000-00-00 00:00:00', 3, ''),
(179, '5.106.251.247', '2019-11-29 21:23:58', '0000-00-00 00:00:00', 3, ''),
(180, '5.106.251.247', '2019-11-29 21:47:04', '0000-00-00 00:00:00', 3, ''),
(181, '93.117.188.102', '2019-11-29 23:58:45', '0000-00-00 00:00:00', 3, ''),
(182, '5.106.251.247', '2019-11-30 01:46:33', '0000-00-00 00:00:00', 3, ''),
(183, '91.233.57.2', '2019-12-01 18:18:49', '2019-12-01 18:24:51', 3, ''),
(184, '91.235.128.211', '2019-12-02 07:15:44', '2019-12-02 07:17:37', 3, ''),
(185, '91.235.128.211', '2019-12-02 07:27:17', '2019-12-02 07:28:18', 3, ''),
(186, '81.31.238.34', '2019-12-02 09:12:28', '0000-00-00 00:00:00', 3, ''),
(187, '91.235.128.211', '2019-12-02 09:15:06', '0000-00-00 00:00:00', 3, ''),
(188, '91.235.128.211', '2019-12-02 09:17:01', '2019-12-02 09:17:18', 3, ''),
(189, '81.31.238.34', '2019-12-02 09:52:11', '0000-00-00 00:00:00', 3, ''),
(190, '91.233.57.2', '2019-12-02 14:23:00', '0000-00-00 00:00:00', 3, ''),
(191, '94.139.172.74', '2019-12-02 17:01:42', '0000-00-00 00:00:00', 3, ''),
(192, '54.213.82.67', '2019-12-02 17:50:56', '0000-00-00 00:00:00', 3, ''),
(193, '91.233.57.2', '2019-12-03 11:03:25', '0000-00-00 00:00:00', 3, ''),
(194, '91.233.57.2', '2019-12-03 11:05:24', '0000-00-00 00:00:00', 3, ''),
(195, '91.251.245.231', '2019-12-03 15:55:34', '0000-00-00 00:00:00', 3, ''),
(196, '91.233.57.2', '2019-12-03 16:03:52', '0000-00-00 00:00:00', 3, ''),
(197, '93.119.222.153', '2019-12-05 21:17:19', '0000-00-00 00:00:00', 3, '5de942a721171'),
(198, '93.119.222.153', '2019-12-05 21:19:56', '0000-00-00 00:00:00', 3, '5de94344c8906'),
(199, '93.119.222.153', '2019-12-05 21:21:05', '0000-00-00 00:00:00', 3, '5de943897f7df'),
(200, '93.119.222.153', '2019-12-05 21:23:40', '0000-00-00 00:00:00', 3, '5de9442426aa3'),
(201, '93.119.222.153', '2019-12-05 21:24:08', '0000-00-00 00:00:00', 3, '5de94440389b8'),
(202, '93.119.222.153', '2019-12-05 21:28:19', '0000-00-00 00:00:00', 3, '5de9453b8722e'),
(203, '93.119.222.153', '2019-12-05 21:29:21', '0000-00-00 00:00:00', 3, '5de94579390bd'),
(204, '93.119.222.153', '2019-12-05 21:35:37', '0000-00-00 00:00:00', 3, '5de946f1f2a36'),
(205, '93.119.222.153', '2019-12-05 21:38:29', '0000-00-00 00:00:00', 3, '5de9479dc6691'),
(206, '93.119.222.153', '2019-12-05 21:40:18', '0000-00-00 00:00:00', 3, '5de9480abc7d2'),
(207, '93.119.222.153', '2019-12-05 21:40:35', '0000-00-00 00:00:00', 3, '5de9481b6c9d8'),
(208, '93.119.222.153', '2019-12-05 21:41:07', '0000-00-00 00:00:00', 3, '5de9483b66916'),
(209, '93.119.222.153', '2019-12-05 21:47:57', '0000-00-00 00:00:00', 3, '5de949d5cbdab'),
(210, '93.119.222.153', '2019-12-05 21:54:03', '2019-12-05 21:54:10', 5, ''),
(211, '93.119.222.153', '2019-12-05 21:54:54', '0000-00-00 00:00:00', 3, '5de94b762a00c'),
(212, '93.119.222.153', '2019-12-05 22:09:03', '0000-00-00 00:00:00', 3, '5de94ec7541df'),
(213, '93.119.222.153', '2019-12-05 22:09:55', '0000-00-00 00:00:00', 3, '5de94efbc40ed'),
(214, '93.119.222.153', '2019-12-05 22:10:42', '0000-00-00 00:00:00', 3, '5de94f2ab49c6'),
(215, '93.119.222.153', '2019-12-05 22:11:32', '0000-00-00 00:00:00', 3, '5de94f5c6c8ca'),
(216, '93.119.222.153', '2019-12-05 22:12:58', '0000-00-00 00:00:00', 3, '5de94fb297a66'),
(217, '93.119.222.153', '2019-12-05 22:14:53', '0000-00-00 00:00:00', 3, '5de950255c48f'),
(218, '93.119.222.153', '2019-12-05 22:16:16', '0000-00-00 00:00:00', 3, '5de95078c0d79'),
(219, '93.119.222.153', '2019-12-05 22:17:43', '0000-00-00 00:00:00', 3, '5de950cf3115b'),
(220, '93.119.222.153', '2019-12-05 22:17:55', '0000-00-00 00:00:00', 3, '5de950dbd335f'),
(221, '93.119.222.153', '2019-12-05 22:23:32', '0000-00-00 00:00:00', 3, '5de9522cefb22'),
(222, '93.119.222.153', '2019-12-05 22:23:52', '0000-00-00 00:00:00', 3, '5de952409d211'),
(223, '93.119.222.153', '2019-12-05 22:24:49', '0000-00-00 00:00:00', 3, '5de952794794d'),
(224, '93.119.222.153', '2019-12-05 22:27:58', '0000-00-00 00:00:00', 3, '5de95336df6d9'),
(225, '93.119.222.153', '2019-12-05 22:28:43', '0000-00-00 00:00:00', 3, '5de953632f61e'),
(226, '93.119.222.153', '2019-12-05 22:28:50', '0000-00-00 00:00:00', 3, '5de9536aabbae'),
(227, '93.119.222.153', '2019-12-05 22:31:06', '0000-00-00 00:00:00', 3, '5de953f28b776'),
(228, '93.119.222.153', '2019-12-05 22:31:49', '0000-00-00 00:00:00', 3, '5de9541d4eca6'),
(229, '93.119.222.153', '2019-12-05 22:32:18', '0000-00-00 00:00:00', 3, '5de9543a6416a'),
(230, '93.119.222.153', '2019-12-05 22:32:56', '0000-00-00 00:00:00', 3, '5de9546062edc'),
(231, '93.119.222.153', '2019-12-05 22:34:01', '0000-00-00 00:00:00', 3, '5de954a1e0d7a'),
(232, '93.119.222.153', '2019-12-05 22:35:12', '0000-00-00 00:00:00', 3, '5de954e891857'),
(233, '93.119.222.153', '2019-12-05 22:36:28', '0000-00-00 00:00:00', 3, '5de95534ae850'),
(234, '93.119.222.153', '2019-12-05 22:38:18', '0000-00-00 00:00:00', 3, '5de955a2bf3b4'),
(235, '93.119.222.153', '2019-12-05 22:39:04', '0000-00-00 00:00:00', 3, '5de955d073a51'),
(236, '93.119.222.153', '2019-12-05 22:40:00', '0000-00-00 00:00:00', 3, '5de95608ad595'),
(237, '93.119.222.153', '2019-12-05 22:40:41', '0000-00-00 00:00:00', 3, '5de956313b016'),
(238, '93.119.222.153', '2019-12-05 22:41:18', '0000-00-00 00:00:00', 3, '5de9565626d02'),
(239, '93.119.222.153', '2019-12-05 22:44:26', '0000-00-00 00:00:00', 3, '5de957129568b'),
(240, '93.119.222.153', '2019-12-05 22:45:54', '0000-00-00 00:00:00', 3, '5de9576a20f07'),
(241, '93.119.222.153', '2019-12-05 22:47:04', '0000-00-00 00:00:00', 3, '5de957b04ca16'),
(242, '93.119.222.153', '2019-12-05 22:47:58', '0000-00-00 00:00:00', 3, '5de957e68ae12'),
(243, '93.119.222.153', '2019-12-05 22:48:33', '0000-00-00 00:00:00', 3, '5de958099b9c5'),
(244, '93.119.222.153', '2019-12-06 09:45:57', '0000-00-00 00:00:00', 3, '5de9f21d0c66b'),
(245, '93.119.222.153', '2019-12-06 09:47:46', '0000-00-00 00:00:00', 3, '5de9f28a279ec'),
(247, '93.119.222.153', '2019-12-06 10:10:05', '0000-00-00 00:00:00', 3, '5de9f7c58b7fe'),
(249, '93.119.222.153', '2019-12-06 10:14:55', '2019-12-06 10:19:26', 3, ''),
(254, '93.119.222.153', '2019-12-06 12:05:35', '0000-00-00 00:00:00', 3, '5dea12d75d85a'),
(256, '93.119.222.153', '2019-12-06 12:38:15', '2019-12-06 12:54:58', 3, ''),
(259, '91.233.57.2', '2019-12-07 11:51:29', '0000-00-00 00:00:00', 5, '5deb61091d582'),
(260, '91.233.57.2', '2019-12-07 11:52:50', '0000-00-00 00:00:00', 5, ''),
(261, '31.2.181.125', '2019-12-07 11:58:39', '0000-00-00 00:00:00', 5, ''),
(262, '93.119.222.153', '2019-12-08 22:54:37', '2019-12-08 22:54:59', 21, ''),
(263, '5.237.241.63', '2019-12-10 10:14:53', '0000-00-00 00:00:00', 22, ''),
(264, '91.233.57.2', '2019-12-10 10:20:06', '0000-00-00 00:00:00', 5, ''),
(265, '5.106.226.95', '2019-12-10 10:28:39', '0000-00-00 00:00:00', 3, ''),
(266, '91.233.57.2', '2019-12-10 10:58:49', '0000-00-00 00:00:00', 5, ''),
(268, '91.233.57.2', '2019-12-10 11:12:52', '0000-00-00 00:00:00', 5, '5def4c7c14263'),
(269, '86.55.81.201', '2019-12-10 11:16:37', '0000-00-00 00:00:00', 5, ''),
(270, '91.233.57.2', '2019-12-10 11:17:42', '0000-00-00 00:00:00', 5, ''),
(271, '5.237.210.238', '2019-12-10 11:23:40', '0000-00-00 00:00:00', 22, ''),
(272, '94.139.172.74', '2019-12-12 11:49:51', '2019-12-12 11:52:00', 3, ''),
(273, '94.139.172.74', '2019-12-12 14:09:17', '2019-12-12 14:09:37', 23, ''),
(274, '62.102.136.87', '2019-12-14 23:04:42', '2019-12-14 23:08:20', 3, ''),
(275, '91.233.57.2', '2019-12-15 08:28:50', '0000-00-00 00:00:00', 3, ''),
(276, '91.233.57.2', '2019-12-15 15:12:40', '0000-00-00 00:00:00', 23, ''),
(277, '89.37.169.71', '2019-12-16 08:02:02', '0000-00-00 00:00:00', 23, ''),
(278, '91.233.57.2', '2019-12-16 08:07:18', '0000-00-00 00:00:00', 3, ''),
(279, '81.31.238.34', '2019-12-16 09:53:03', '0000-00-00 00:00:00', 23, ''),
(280, '91.233.57.2', '2019-12-17 13:18:39', '0000-00-00 00:00:00', 23, ''),
(281, '91.233.57.2', '2019-12-17 17:58:34', '0000-00-00 00:00:00', 3, ''),
(282, '188.229.30.52', '2019-12-17 20:45:43', '0000-00-00 00:00:00', 3, ''),
(283, '62.102.136.87', '2019-12-17 21:22:13', '0000-00-00 00:00:00', 3, ''),
(284, '62.102.134.168', '2019-12-20 20:01:16', '0000-00-00 00:00:00', 3, '');

-- --------------------------------------------------------

--
-- Table structure for table `topic_sensory_sensors_score`
--

CREATE TABLE `topic_sensory_sensors_score` (
  `id` int(10) NOT NULL,
  `user_topics_id` int(5) NOT NULL,
  `approach` int(1) NOT NULL COMMENT 'یک = موافق، دو = عدم موافق',
  `sensor_words_id` int(4) NOT NULL,
  `score` int(2) NOT NULL,
  `score_large_scale` int(3) NOT NULL,
  `reg_date` datetime NOT NULL DEFAULT current_timestamp()
) ENGINE=InnoDB DEFAULT CHARSET=utf8 COLLATE=utf8_persian_ci COMMENT='نمره سنسورهای حسی موضوعات کاربران';

--
-- Dumping data for table `topic_sensory_sensors_score`
--

INSERT INTO `topic_sensory_sensors_score` (`id`, `user_topics_id`, `approach`, `sensor_words_id`, `score`, `score_large_scale`, `reg_date`) VALUES
(1, 1, 1, 214, 0, 10, '2019-11-06 21:50:56'),
(2, 1, 1, 215, 3, 50, '2019-11-06 21:50:56'),
(3, 1, 1, 216, 5, 70, '2019-11-06 21:50:56'),
(4, 1, 1, 211, 0, 10, '2019-11-06 21:53:00'),
(5, 1, 1, 212, 1, 30, '2019-11-06 21:53:00'),
(6, 1, 1, 213, 0, 10, '2019-11-06 21:53:00'),
(7, 1, 1, 208, 3, 50, '2019-11-06 21:53:00'),
(8, 1, 1, 209, 7, 90, '2019-11-06 21:53:00'),
(9, 1, 1, 210, 5, 70, '2019-11-06 21:53:00'),
(10, 1, 1, 205, 1, 30, '2019-11-06 21:53:00'),
(11, 1, 1, 206, 1, 30, '2019-11-06 21:53:00'),
(12, 1, 1, 207, 1, 30, '2019-11-06 21:53:00'),
(13, 1, 1, 202, 5, 70, '2019-11-06 21:53:00'),
(14, 1, 1, 203, 1, 30, '2019-11-06 21:53:00'),
(15, 1, 1, 204, 0, 10, '2019-11-06 21:53:00'),
(16, 1, 1, 199, 11, 100, '2019-11-06 21:53:00'),
(17, 1, 1, 200, 3, 50, '2019-11-06 21:53:00'),
(18, 1, 1, 201, 7, 90, '2019-11-06 21:53:00'),
(19, 1, 1, 196, 5, 70, '2019-11-06 21:53:00'),
(20, 1, 1, 197, 3, 50, '2019-11-06 21:53:00'),
(21, 1, 1, 198, 7, 90, '2019-11-06 21:53:00'),
(22, 1, 1, 193, 5, 65, '2019-11-06 21:53:00'),
(23, 1, 1, 194, 1, 30, '2019-11-06 21:53:00'),
(24, 1, 1, 195, 5, 70, '2019-11-06 21:53:00'),
(25, 1, 1, 190, 7, 73, '2019-11-06 21:53:00'),
(26, 1, 1, 191, 3, 50, '2019-11-06 21:53:00'),
(27, 1, 1, 192, 5, 70, '2019-11-06 21:53:00'),
(28, 1, 1, 187, 3, 32, '2019-11-06 21:53:00'),
(29, 1, 1, 188, 1, 30, '2019-11-06 21:53:00'),
(30, 1, 1, 189, 1, 30, '2019-11-06 21:53:00'),
(31, 1, 2, 214, 11, 100, '2019-11-06 21:54:24'),
(32, 1, 2, 215, 5, 70, '2019-11-06 21:54:24'),
(33, 1, 2, 216, 1, 30, '2019-11-06 21:54:24'),
(34, 1, 2, 211, 1, 30, '2019-11-06 21:54:24'),
(35, 1, 2, 212, 5, 70, '2019-11-06 21:54:24'),
(36, 1, 2, 213, 1, 30, '2019-11-06 21:54:24'),
(37, 1, 2, 208, 7, 90, '2019-11-06 21:54:24'),
(38, 1, 2, 209, 1, 30, '2019-11-06 21:54:24'),
(39, 1, 2, 210, 0, 10, '2019-11-06 21:54:24'),
(40, 1, 2, 205, 1, 30, '2019-11-06 21:54:24'),
(41, 1, 2, 206, 5, 70, '2019-11-06 21:54:24'),
(42, 1, 2, 207, 0, 10, '2019-11-06 21:54:24'),
(43, 1, 2, 202, 7, 90, '2019-11-06 21:54:24'),
(44, 1, 2, 203, 5, 70, '2019-11-06 21:54:24'),
(45, 1, 2, 204, 3, 50, '2019-11-06 21:54:24'),
(46, 1, 2, 199, 0, 10, '2019-11-06 21:54:24'),
(47, 1, 2, 200, 1, 30, '2019-11-06 21:54:24'),
(48, 1, 2, 201, 1, 30, '2019-11-06 21:54:24'),
(49, 1, 2, 196, 11, 100, '2019-11-06 21:54:24'),
(50, 1, 2, 197, 3, 50, '2019-11-06 21:54:24'),
(51, 1, 2, 198, 3, 50, '2019-11-06 21:54:24'),
(52, 1, 2, 193, 0, 10, '2019-11-06 21:54:24'),
(53, 1, 2, 194, 1, 30, '2019-11-06 21:54:24'),
(54, 1, 2, 195, 5, 70, '2019-11-06 21:54:24'),
(55, 1, 2, 190, 0, 10, '2019-11-06 21:54:24'),
(56, 1, 2, 191, 1, 30, '2019-11-06 21:54:24'),
(57, 1, 2, 192, 1, 30, '2019-11-06 21:54:24'),
(58, 1, 2, 187, 0, 10, '2019-11-06 21:54:24'),
(59, 1, 2, 188, 1, 30, '2019-11-06 21:54:24'),
(60, 1, 2, 189, 0, 10, '2019-11-06 21:54:24'),
(61, 2, 1, 214, 1, 30, '2019-11-06 22:10:32'),
(62, 2, 1, 215, 3, 50, '2019-11-06 22:10:32'),
(63, 2, 1, 216, 5, 70, '2019-11-06 22:10:32'),
(64, 2, 1, 211, 5, 70, '2019-11-06 22:10:32'),
(65, 2, 1, 212, 0, 10, '2019-11-06 22:10:32'),
(66, 2, 1, 213, 0, 10, '2019-11-06 22:10:32'),
(67, 2, 1, 208, 11, 100, '2019-11-06 22:10:32'),
(68, 2, 1, 209, 5, 70, '2019-11-06 22:10:32'),
(69, 2, 1, 210, 7, 90, '2019-11-06 22:10:32'),
(70, 2, 1, 205, 0, 10, '2019-11-06 22:10:32'),
(71, 2, 1, 206, 3, 50, '2019-11-06 22:10:32'),
(72, 2, 1, 207, 5, 70, '2019-11-06 22:10:32'),
(73, 2, 1, 202, 3, 50, '2019-11-06 22:10:32'),
(74, 2, 1, 203, 5, 70, '2019-11-06 22:10:32'),
(75, 2, 1, 204, 3, 50, '2019-11-06 22:10:32'),
(76, 2, 1, 199, 5, 70, '2019-11-06 22:10:32'),
(77, 2, 1, 200, 1, 30, '2019-11-06 22:10:32'),
(78, 2, 1, 201, 1, 30, '2019-11-06 22:10:32'),
(79, 2, 1, 196, 1, 30, '2019-11-06 22:10:32'),
(80, 2, 1, 197, 5, 70, '2019-11-06 22:10:32'),
(81, 2, 1, 198, 1, 30, '2019-11-06 22:10:32'),
(82, 2, 1, 193, 0, 10, '2019-11-06 22:10:32'),
(83, 2, 1, 194, 3, 50, '2019-11-06 22:10:32'),
(84, 2, 1, 195, 3, 50, '2019-11-06 22:10:32'),
(85, 2, 1, 190, 0, 10, '2019-11-06 22:10:32'),
(86, 2, 1, 191, 0, 10, '2019-11-06 22:10:32'),
(87, 2, 1, 192, 0, 10, '2019-11-06 22:10:32'),
(88, 2, 1, 187, 1, 30, '2019-11-06 22:10:32'),
(89, 2, 1, 188, 7, 90, '2019-11-06 22:10:32'),
(90, 2, 1, 189, 0, 10, '2019-11-06 22:10:32'),
(91, 2, 2, 214, 0, 10, '2019-11-06 22:11:21'),
(92, 2, 2, 215, 0, 10, '2019-11-06 22:11:21'),
(93, 2, 2, 216, 0, 10, '2019-11-06 22:11:21'),
(94, 2, 2, 211, 0, 10, '2019-11-06 22:11:21'),
(95, 2, 2, 212, 5, 70, '2019-11-06 22:11:21'),
(96, 2, 2, 213, 0, 10, '2019-11-06 22:11:21'),
(97, 2, 2, 208, 5, 70, '2019-11-06 22:11:21'),
(98, 2, 2, 209, 1, 30, '2019-11-06 22:11:21'),
(99, 2, 2, 210, 0, 10, '2019-11-06 22:11:21'),
(100, 2, 2, 205, 0, 10, '2019-11-06 22:11:21'),
(101, 2, 2, 206, 7, 90, '2019-11-06 22:11:21'),
(102, 2, 2, 207, 0, 10, '2019-11-06 22:11:21'),
(103, 2, 2, 202, 0, 10, '2019-11-06 22:11:21'),
(104, 2, 2, 203, 3, 50, '2019-11-06 22:11:21'),
(105, 2, 2, 204, 0, 10, '2019-11-06 22:11:21'),
(106, 2, 2, 199, 0, 10, '2019-11-06 22:11:21'),
(107, 2, 2, 200, 0, 10, '2019-11-06 22:11:21'),
(108, 2, 2, 201, 11, 100, '2019-11-06 22:11:21'),
(109, 2, 2, 196, 7, 90, '2019-11-06 22:11:21'),
(110, 2, 2, 197, 0, 10, '2019-11-06 22:11:21'),
(111, 2, 2, 198, 3, 50, '2019-11-06 22:11:21'),
(112, 2, 2, 193, 5, 70, '2019-11-06 22:11:21'),
(113, 2, 2, 194, 0, 10, '2019-11-06 22:11:21'),
(114, 2, 2, 195, 0, 10, '2019-11-06 22:11:21'),
(115, 2, 2, 190, 0, 10, '2019-11-06 22:11:21'),
(116, 2, 2, 191, 7, 90, '2019-11-06 22:11:21'),
(117, 2, 2, 192, 0, 10, '2019-11-06 22:11:21'),
(118, 2, 2, 187, 0, 10, '2019-11-06 22:11:21'),
(119, 2, 2, 188, 0, 10, '2019-11-06 22:11:21'),
(120, 2, 2, 189, 11, 100, '2019-11-06 22:11:21'),
(121, 3, 1, 214, 1, 30, '2019-11-06 23:37:00'),
(122, 3, 1, 215, 3, 50, '2019-11-06 23:37:00'),
(123, 3, 1, 216, 1, 30, '2019-11-06 23:37:00'),
(124, 3, 1, 211, 1, 30, '2019-11-06 23:37:00'),
(125, 3, 1, 212, 1, 30, '2019-11-06 23:37:00'),
(126, 3, 1, 213, 5, 70, '2019-11-06 23:37:00'),
(127, 3, 1, 208, 1, 30, '2019-11-06 23:37:00'),
(128, 3, 1, 209, 5, 70, '2019-11-06 23:37:00'),
(129, 3, 1, 210, 3, 50, '2019-11-06 23:37:00'),
(130, 3, 1, 205, 5, 70, '2019-11-06 23:37:00'),
(131, 3, 1, 206, 3, 50, '2019-11-06 23:37:00'),
(132, 3, 1, 207, 0, 10, '2019-11-06 23:37:00'),
(133, 3, 1, 202, 0, 10, '2019-11-06 23:37:00'),
(134, 3, 1, 203, 1, 30, '2019-11-06 23:37:00'),
(135, 3, 1, 204, 0, 10, '2019-11-06 23:37:00'),
(136, 3, 1, 199, 7, 90, '2019-11-06 23:37:00'),
(137, 3, 1, 200, 3, 50, '2019-11-06 23:37:00'),
(138, 3, 1, 201, 5, 70, '2019-11-06 23:37:00'),
(139, 3, 1, 196, 0, 10, '2019-11-06 23:37:00'),
(140, 3, 1, 197, 1, 30, '2019-11-06 23:37:00'),
(141, 3, 1, 198, 1, 30, '2019-11-06 23:37:00'),
(142, 3, 1, 193, 5, 70, '2019-11-06 23:37:00'),
(143, 3, 1, 194, 7, 90, '2019-11-06 23:37:00'),
(144, 3, 1, 195, 5, 70, '2019-11-06 23:37:00'),
(145, 3, 1, 190, 0, 10, '2019-11-06 23:37:00'),
(146, 3, 1, 191, 0, 10, '2019-11-06 23:37:00'),
(147, 3, 1, 192, 0, 10, '2019-11-06 23:37:00'),
(148, 3, 1, 187, 5, 70, '2019-11-06 23:37:00'),
(149, 3, 1, 188, 1, 30, '2019-11-06 23:37:00'),
(150, 3, 1, 189, 0, 10, '2019-11-06 23:37:00'),
(151, 3, 2, 214, 5, 70, '2019-11-06 23:44:49'),
(152, 3, 2, 215, 5, 70, '2019-11-06 23:44:49'),
(157, 3, 2, 208, 5, 70, '2019-11-06 23:44:49'),
(158, 3, 2, 209, 1, 30, '2019-11-06 23:44:49'),
(159, 3, 2, 210, 0, 10, '2019-11-06 23:44:49'),
(160, 3, 2, 205, 0, 10, '2019-11-06 23:44:49'),
(161, 3, 2, 206, 0, 10, '2019-11-06 23:44:49'),
(162, 3, 2, 207, 0, 10, '2019-11-06 23:44:49'),
(163, 3, 2, 202, 5, 70, '2019-11-06 23:44:49'),
(164, 3, 2, 203, 3, 50, '2019-11-06 23:44:49'),
(165, 3, 2, 204, 1, 30, '2019-11-06 23:44:49'),
(166, 3, 2, 199, 0, 10, '2019-11-06 23:44:49'),
(167, 3, 2, 200, 0, 10, '2019-11-06 23:44:49'),
(168, 3, 2, 201, 0, 10, '2019-11-06 23:44:49'),
(169, 3, 2, 196, 5, 70, '2019-11-06 23:44:49'),
(170, 3, 2, 197, 5, 70, '2019-11-06 23:44:49'),
(171, 3, 2, 198, 1, 30, '2019-11-06 23:44:49'),
(172, 3, 2, 193, 1, 30, '2019-11-06 23:44:49'),
(173, 3, 2, 194, 0, 10, '2019-11-06 23:44:49'),
(174, 3, 2, 195, 1, 30, '2019-11-06 23:44:49'),
(175, 3, 2, 190, 5, 70, '2019-11-06 23:44:49'),
(176, 3, 2, 191, 0, 10, '2019-11-06 23:44:49'),
(177, 3, 2, 192, 0, 10, '2019-11-06 23:44:49'),
(178, 3, 2, 187, 0, 10, '2019-11-06 23:44:49'),
(179, 3, 2, 188, 0, 10, '2019-11-06 23:44:49'),
(180, 3, 2, 189, 0, 10, '2019-11-06 23:44:49'),
(181, 3, 2, 216, 0, 10, '2019-11-06 23:55:00'),
(182, 3, 2, 211, 0, 10, '2019-11-06 23:55:00'),
(183, 3, 2, 212, 0, 10, '2019-11-06 23:55:00'),
(184, 3, 2, 213, 0, 10, '2019-11-06 23:55:00'),
(185, 4, 1, 214, 1, 30, '2019-11-07 00:10:00'),
(186, 4, 1, 215, 1, 30, '2019-11-07 00:10:00'),
(187, 4, 1, 216, 5, 62, '2019-11-07 00:10:00'),
(188, 4, 1, 211, 0, 10, '2019-11-07 00:10:00'),
(189, 4, 1, 212, 0, 10, '2019-11-07 00:10:00'),
(190, 4, 1, 213, 0, 10, '2019-11-07 00:10:00'),
(191, 4, 1, 208, 0, 10, '2019-11-07 00:10:00'),
(192, 4, 1, 209, 0, 10, '2019-11-07 00:10:00'),
(193, 4, 1, 210, 0, 10, '2019-11-07 00:10:00'),
(194, 4, 1, 205, 0, 10, '2019-11-07 00:10:00'),
(195, 4, 1, 206, 0, 10, '2019-11-07 00:10:00'),
(196, 4, 1, 207, 0, 10, '2019-11-07 00:10:00'),
(197, 4, 1, 202, 3, 50, '2019-11-07 00:10:00'),
(198, 4, 1, 203, 1, 30, '2019-11-07 00:10:00'),
(199, 4, 1, 204, 0, 10, '2019-11-07 00:10:00'),
(200, 4, 1, 199, 0, 10, '2019-11-07 00:10:00'),
(201, 4, 1, 200, 0, 10, '2019-11-07 00:10:00'),
(202, 4, 1, 201, 0, 10, '2019-11-07 00:10:00'),
(203, 4, 1, 196, 1, 30, '2019-11-07 00:10:00'),
(204, 4, 1, 197, 0, 10, '2019-11-07 00:10:00'),
(205, 4, 1, 198, 0, 10, '2019-11-07 00:10:00'),
(206, 4, 1, 193, 0, 10, '2019-11-07 00:10:00'),
(207, 4, 1, 194, 0, 10, '2019-11-07 00:10:00'),
(208, 4, 1, 195, 0, 10, '2019-11-07 00:10:00'),
(209, 4, 1, 190, 5, 63, '2019-11-07 00:10:00'),
(210, 4, 1, 191, 0, 10, '2019-11-07 00:10:00'),
(211, 4, 1, 192, 0, 10, '2019-11-07 00:10:00'),
(212, 4, 1, 187, 0, 10, '2019-11-07 00:10:00'),
(213, 4, 1, 188, 0, 10, '2019-11-07 00:10:00'),
(214, 4, 1, 189, 0, 10, '2019-11-07 00:10:00'),
(215, 4, 2, 214, 0, 10, '2019-11-07 00:16:17'),
(216, 4, 2, 215, 0, 10, '2019-11-07 00:16:17'),
(217, 4, 2, 216, 0, 10, '2019-11-07 00:16:17'),
(218, 4, 2, 211, 3, 50, '2019-11-07 00:16:17'),
(219, 4, 2, 212, 5, 70, '2019-11-07 00:16:17'),
(220, 4, 2, 213, 3, 50, '2019-11-07 00:16:17'),
(221, 4, 2, 208, 0, 10, '2019-11-07 00:16:17'),
(222, 4, 2, 209, 0, 10, '2019-11-07 00:16:17'),
(223, 4, 2, 210, 0, 10, '2019-11-07 00:16:17'),
(224, 4, 2, 205, 0, 10, '2019-11-07 00:16:17'),
(225, 4, 2, 206, 0, 10, '2019-11-07 00:16:17'),
(226, 4, 2, 207, 0, 10, '2019-11-07 00:16:17'),
(227, 4, 2, 202, 0, 10, '2019-11-07 00:16:17'),
(228, 4, 2, 203, 0, 10, '2019-11-07 00:16:17'),
(229, 4, 2, 204, 0, 10, '2019-11-07 00:16:17'),
(230, 4, 2, 199, 0, 10, '2019-11-07 00:16:17'),
(231, 4, 2, 200, 0, 10, '2019-11-07 00:16:17'),
(232, 4, 2, 201, 0, 10, '2019-11-07 00:16:17'),
(233, 4, 2, 196, 0, 10, '2019-11-07 00:16:17'),
(234, 4, 2, 197, 0, 10, '2019-11-07 00:16:17'),
(235, 4, 2, 198, 0, 10, '2019-11-07 00:16:17'),
(236, 4, 2, 193, 3, 48, '2019-11-07 00:16:17'),
(237, 4, 2, 194, 0, 10, '2019-11-07 00:16:17'),
(238, 4, 2, 195, 0, 10, '2019-11-07 00:16:17'),
(239, 4, 2, 190, 0, 10, '2019-11-07 00:16:17'),
(240, 4, 2, 191, 0, 10, '2019-11-07 00:16:17'),
(241, 4, 2, 192, 5, 53, '2019-11-07 00:16:17'),
(242, 4, 2, 187, 0, 10, '2019-11-07 00:16:17'),
(243, 4, 2, 188, 0, 10, '2019-11-07 00:16:17'),
(244, 4, 2, 189, 5, 52, '2019-11-07 00:16:17'),
(245, 5, 1, 250, 0, 10, '2019-11-07 01:23:34'),
(246, 5, 1, 251, 0, 10, '2019-11-07 01:23:34'),
(247, 5, 1, 252, 0, 10, '2019-11-07 01:23:34'),
(248, 5, 1, 247, 7, 90, '2019-11-07 01:23:34'),
(249, 5, 1, 248, 3, 50, '2019-11-07 01:23:34'),
(250, 5, 1, 249, 3, 50, '2019-11-07 01:23:34'),
(251, 5, 1, 244, 0, 10, '2019-11-07 01:23:34'),
(252, 5, 1, 245, 3, 50, '2019-11-07 01:23:34'),
(253, 5, 1, 246, 0, 10, '2019-11-07 01:23:34'),
(254, 5, 1, 241, 7, 90, '2019-11-07 01:23:34'),
(255, 5, 1, 242, 3, 50, '2019-11-07 01:23:34'),
(256, 5, 1, 243, 5, 70, '2019-11-07 01:23:34'),
(257, 5, 1, 238, 0, 10, '2019-11-07 01:23:34'),
(258, 5, 1, 239, 1, 30, '2019-11-07 01:23:34'),
(259, 5, 1, 240, 1, 30, '2019-11-07 01:23:34'),
(260, 5, 1, 235, 5, 70, '2019-11-07 01:23:34'),
(261, 5, 1, 236, 3, 50, '2019-11-07 01:23:34'),
(262, 5, 1, 237, 5, 70, '2019-11-07 01:23:34'),
(263, 5, 1, 232, 0, 10, '2019-11-07 01:23:34'),
(264, 5, 1, 233, 0, 10, '2019-11-07 01:23:34'),
(265, 5, 1, 234, 1, 30, '2019-11-07 01:23:34'),
(266, 5, 1, 229, 7, 90, '2019-11-07 01:23:34'),
(267, 5, 1, 230, 5, 70, '2019-11-07 01:23:34'),
(268, 5, 1, 231, 5, 70, '2019-11-07 01:23:34'),
(269, 5, 1, 226, 1, 30, '2019-11-07 01:23:34'),
(270, 5, 1, 227, 1, 30, '2019-11-07 01:23:34'),
(271, 5, 1, 228, 0, 10, '2019-11-07 01:23:34'),
(272, 5, 1, 225, 5, 70, '2019-11-07 01:23:34'),
(273, 5, 1, 223, 1, 30, '2019-11-07 01:23:34'),
(274, 5, 1, 224, 3, 50, '2019-11-07 01:23:34'),
(275, 5, 1, 225, 3, 50, '2019-11-07 01:23:34'),
(276, 5, 2, 250, 0, 10, '2019-11-07 01:23:45'),
(277, 5, 2, 251, 0, 10, '2019-11-07 01:23:45'),
(278, 5, 2, 252, 0, 10, '2019-11-07 01:23:45'),
(279, 5, 2, 247, 7, 72, '2019-11-07 01:23:45'),
(280, 5, 2, 248, 5, 70, '2019-11-07 01:23:45'),
(281, 5, 2, 249, 3, 50, '2019-11-07 01:23:45'),
(282, 5, 2, 244, 1, 30, '2019-11-07 01:23:45'),
(283, 5, 2, 245, 3, 50, '2019-11-07 01:23:45'),
(284, 5, 2, 246, 1, 30, '2019-11-07 01:23:45'),
(285, 5, 2, 241, 5, 70, '2019-11-07 01:23:45'),
(286, 5, 2, 242, 1, 30, '2019-11-07 01:23:45'),
(287, 5, 2, 243, 7, 74, '2019-11-07 01:23:45'),
(288, 5, 2, 238, 1, 30, '2019-11-07 01:23:45'),
(289, 5, 2, 239, 1, 30, '2019-11-07 01:23:45'),
(290, 5, 2, 240, 7, 71, '2019-11-07 01:23:45'),
(291, 5, 2, 235, 1, 30, '2019-11-07 01:23:45'),
(292, 5, 2, 236, 1, 30, '2019-11-07 01:23:45'),
(293, 5, 2, 237, 3, 50, '2019-11-07 01:23:45'),
(294, 5, 2, 232, 0, 10, '2019-11-07 01:23:45'),
(295, 5, 2, 233, 1, 30, '2019-11-07 01:23:45'),
(296, 5, 2, 234, 1, 30, '2019-11-07 01:23:45'),
(297, 5, 2, 229, 5, 70, '2019-11-07 01:23:45'),
(298, 5, 2, 230, 3, 50, '2019-11-07 01:23:45'),
(299, 5, 2, 231, 5, 70, '2019-11-07 01:23:45'),
(300, 5, 2, 226, 3, 50, '2019-11-07 01:23:45'),
(301, 5, 2, 227, 3, 50, '2019-11-07 01:23:45'),
(302, 5, 2, 228, 1, 30, '2019-11-07 01:23:45'),
(303, 5, 2, 225, 1, 30, '2019-11-07 01:23:45'),
(304, 5, 2, 223, 7, 88, '2019-11-07 01:23:45'),
(305, 5, 2, 224, 11, 100, '2019-11-07 01:23:45'),
(306, 5, 2, 225, 1, 30, '2019-11-07 01:23:45'),
(307, 6, 1, 214, 3, 50, '2019-11-07 12:58:32'),
(308, 6, 1, 215, 1, 30, '2019-11-07 12:58:32'),
(309, 6, 1, 216, 0, 10, '2019-11-07 12:58:32'),
(310, 6, 1, 211, 0, 10, '2019-11-07 12:58:32'),
(311, 6, 1, 212, 1, 30, '2019-11-07 12:58:32'),
(312, 6, 1, 213, 0, 10, '2019-11-07 12:58:32'),
(313, 6, 1, 208, 5, 70, '2019-11-07 12:58:32'),
(314, 6, 1, 209, 0, 10, '2019-11-07 12:58:32'),
(315, 6, 1, 205, 0, 10, '2019-11-07 12:58:32'),
(316, 6, 1, 206, 0, 10, '2019-11-07 12:58:32'),
(317, 6, 1, 207, 0, 10, '2019-11-07 12:58:32'),
(318, 6, 1, 202, 5, 70, '2019-11-07 13:00:47'),
(319, 6, 1, 203, 3, 50, '2019-11-07 13:00:47'),
(320, 6, 1, 204, 3, 50, '2019-11-07 13:00:47'),
(321, 6, 1, 199, 0, 10, '2019-11-07 13:00:47'),
(322, 6, 1, 200, 0, 10, '2019-11-07 13:00:47'),
(323, 6, 1, 201, 0, 10, '2019-11-07 13:00:47'),
(324, 6, 1, 196, 5, 70, '2019-11-07 13:00:47'),
(325, 6, 1, 197, 1, 30, '2019-11-07 13:00:47'),
(326, 6, 1, 198, 3, 50, '2019-11-07 13:00:47'),
(327, 6, 1, 193, 3, 50, '2019-11-07 13:00:47'),
(328, 6, 1, 194, 3, 50, '2019-11-07 13:00:47'),
(329, 6, 1, 195, 3, 50, '2019-11-07 13:00:47'),
(330, 6, 1, 190, 0, 10, '2019-11-07 13:00:47'),
(331, 6, 1, 191, 0, 10, '2019-11-07 13:00:47'),
(332, 6, 1, 192, 0, 10, '2019-11-07 13:00:47'),
(333, 6, 1, 187, 1, 30, '2019-11-07 13:00:47'),
(334, 6, 1, 188, 1, 30, '2019-11-07 13:00:47'),
(335, 6, 2, 214, 0, 10, '2019-11-07 13:04:36'),
(336, 6, 2, 215, 0, 10, '2019-11-07 13:04:36'),
(337, 6, 2, 216, 0, 10, '2019-11-07 13:04:36'),
(338, 6, 2, 211, 3, 50, '2019-11-07 13:04:36'),
(339, 6, 2, 212, 3, 50, '2019-11-07 13:04:36'),
(340, 6, 2, 213, 1, 30, '2019-11-07 13:04:36'),
(341, 6, 2, 208, 3, 50, '2019-11-07 13:04:36'),
(342, 6, 2, 209, 1, 30, '2019-11-07 13:04:36'),
(343, 6, 2, 210, 5, 70, '2019-11-07 13:04:36'),
(344, 6, 2, 205, 1, 30, '2019-11-07 13:04:36'),
(345, 6, 2, 206, 1, 30, '2019-11-07 13:04:36'),
(346, 6, 2, 207, 3, 50, '2019-11-07 13:04:36'),
(347, 6, 2, 202, 0, 10, '2019-11-07 13:04:36'),
(348, 6, 2, 203, 3, 50, '2019-11-07 13:04:36'),
(349, 6, 2, 204, 1, 30, '2019-11-07 13:04:36'),
(350, 6, 2, 199, 5, 70, '2019-11-07 13:04:36'),
(351, 6, 2, 200, 5, 70, '2019-11-07 13:04:36'),
(352, 6, 2, 201, 5, 70, '2019-11-07 13:04:36'),
(353, 6, 2, 196, 3, 50, '2019-11-07 13:04:36'),
(354, 6, 2, 197, 3, 50, '2019-11-07 13:04:36'),
(355, 6, 2, 198, 3, 50, '2019-11-07 13:04:36'),
(356, 6, 2, 193, 5, 70, '2019-11-07 13:04:36'),
(357, 6, 2, 194, 1, 30, '2019-11-07 13:04:36'),
(358, 6, 2, 195, 1, 30, '2019-11-07 13:04:36'),
(359, 6, 2, 190, 1, 30, '2019-11-07 13:04:36'),
(360, 6, 2, 191, 0, 10, '2019-11-07 13:04:36'),
(361, 6, 2, 192, 0, 10, '2019-11-07 13:04:36'),
(362, 6, 2, 187, 3, 50, '2019-11-07 13:04:36'),
(363, 6, 2, 188, 1, 30, '2019-11-07 13:04:36'),
(364, 6, 2, 189, 1, 30, '2019-11-07 13:04:36'),
(365, 6, 1, 189, 0, 10, '2019-11-07 13:05:54'),
(366, 6, 1, 210, 1, 30, '2019-11-07 13:07:12'),
(367, 7, 1, 214, 0, 10, '2019-11-07 14:57:39'),
(368, 7, 1, 215, 1, 30, '2019-11-07 14:57:39'),
(369, 7, 1, 216, 0, 10, '2019-11-07 14:57:39'),
(370, 7, 1, 211, 3, 50, '2019-11-07 14:57:39'),
(371, 7, 1, 212, 3, 50, '2019-11-07 14:57:39'),
(372, 7, 1, 213, 1, 30, '2019-11-07 14:57:39'),
(373, 7, 1, 208, 1, 30, '2019-11-07 14:57:39'),
(374, 7, 1, 209, 1, 30, '2019-11-07 14:57:39'),
(375, 7, 1, 210, 1, 30, '2019-11-07 14:57:39'),
(376, 7, 1, 205, 3, 50, '2019-11-07 14:57:39'),
(377, 7, 1, 206, 3, 50, '2019-11-07 14:57:39'),
(378, 7, 1, 207, 3, 50, '2019-11-07 14:57:39'),
(379, 7, 1, 202, 1, 30, '2019-11-07 14:57:39'),
(380, 7, 1, 203, 0, 10, '2019-11-07 14:57:39'),
(381, 7, 1, 204, 1, 30, '2019-11-07 14:57:39'),
(382, 7, 1, 199, 3, 50, '2019-11-07 14:57:39'),
(383, 7, 1, 200, 3, 50, '2019-11-07 14:57:39'),
(384, 7, 1, 201, 3, 50, '2019-11-07 14:57:39'),
(385, 7, 1, 196, 3, 50, '2019-11-07 14:57:39'),
(386, 7, 1, 197, 3, 50, '2019-11-07 14:57:39'),
(387, 7, 1, 198, 0, 10, '2019-11-07 14:57:39'),
(388, 7, 1, 193, 3, 50, '2019-11-07 14:57:39'),
(389, 7, 1, 194, 1, 30, '2019-11-07 14:57:39'),
(390, 7, 1, 195, 1, 30, '2019-11-07 14:57:39'),
(391, 7, 1, 190, 1, 30, '2019-11-07 14:57:39'),
(392, 7, 1, 191, 0, 10, '2019-11-07 14:57:39'),
(393, 7, 1, 192, 0, 10, '2019-11-07 14:57:39'),
(394, 7, 1, 187, 3, 50, '2019-11-07 14:57:39'),
(395, 7, 1, 188, 1, 30, '2019-11-07 14:57:39'),
(396, 7, 1, 189, 1, 30, '2019-11-07 14:57:39'),
(397, 7, 2, 214, 3, 50, '2019-11-07 15:05:42'),
(398, 7, 2, 215, 1, 30, '2019-11-07 15:05:42'),
(399, 7, 2, 216, 1, 30, '2019-11-07 15:05:42'),
(400, 7, 2, 211, 0, 10, '2019-11-07 15:05:42'),
(401, 7, 2, 212, 0, 10, '2019-11-07 15:05:42'),
(402, 7, 2, 213, 0, 10, '2019-11-07 15:05:42'),
(403, 7, 2, 208, 1, 30, '2019-11-07 15:05:42'),
(404, 7, 2, 209, 0, 10, '2019-11-07 15:05:42'),
(405, 7, 2, 210, 0, 10, '2019-11-07 15:05:42'),
(406, 7, 2, 205, 1, 30, '2019-11-07 15:05:42'),
(407, 7, 2, 206, 3, 50, '2019-11-07 15:05:42'),
(408, 7, 2, 207, 1, 30, '2019-11-07 15:05:42'),
(409, 7, 2, 202, 3, 50, '2019-11-07 15:05:42'),
(410, 7, 2, 203, 7, 90, '2019-11-07 15:05:42'),
(411, 7, 2, 204, 3, 50, '2019-11-07 15:05:42'),
(412, 7, 2, 199, 0, 10, '2019-11-07 15:05:42'),
(413, 7, 2, 200, 0, 10, '2019-11-07 15:05:42'),
(414, 7, 2, 201, 1, 30, '2019-11-07 15:05:42'),
(415, 7, 2, 196, 3, 50, '2019-11-07 15:05:42'),
(416, 7, 2, 197, 5, 70, '2019-11-07 15:05:42'),
(417, 7, 2, 198, 1, 30, '2019-11-07 15:05:42'),
(418, 7, 2, 193, 0, 10, '2019-11-07 15:05:42'),
(419, 7, 2, 194, 0, 10, '2019-11-07 15:05:42'),
(420, 7, 2, 195, 0, 10, '2019-11-07 15:05:42'),
(421, 7, 2, 190, 0, 10, '2019-11-07 15:05:42'),
(422, 7, 2, 191, 0, 10, '2019-11-07 15:05:42'),
(423, 7, 2, 192, 0, 10, '2019-11-07 15:05:42'),
(424, 7, 2, 187, 0, 10, '2019-11-07 15:05:42'),
(425, 7, 2, 189, 1, 30, '2019-11-07 15:05:42'),
(426, 7, 2, 188, 7, 90, '2019-11-07 15:07:02'),
(427, 8, 1, 214, 1, 30, '2019-11-07 18:15:57'),
(428, 8, 1, 215, 1, 30, '2019-11-07 18:15:57'),
(429, 8, 1, 216, 0, 10, '2019-11-07 18:15:57'),
(430, 8, 1, 211, 0, 10, '2019-11-07 18:15:57'),
(431, 8, 1, 212, 0, 10, '2019-11-07 18:15:57'),
(432, 8, 1, 213, 0, 10, '2019-11-07 18:15:57'),
(433, 8, 1, 208, 0, 10, '2019-11-07 18:15:57'),
(434, 8, 1, 209, 0, 10, '2019-11-07 18:15:57'),
(435, 8, 1, 210, 0, 10, '2019-11-07 18:15:57'),
(436, 8, 1, 205, 0, 10, '2019-11-07 18:15:57'),
(437, 8, 1, 206, 0, 10, '2019-11-07 18:15:57'),
(438, 8, 1, 207, 0, 10, '2019-11-07 18:15:57'),
(439, 8, 1, 202, 1, 30, '2019-11-07 18:15:57'),
(440, 8, 1, 203, 1, 30, '2019-11-07 18:15:57'),
(441, 8, 1, 204, 0, 10, '2019-11-07 18:15:57'),
(442, 8, 1, 199, 0, 10, '2019-11-07 18:15:57'),
(443, 8, 1, 200, 0, 10, '2019-11-07 18:15:57'),
(444, 8, 1, 201, 0, 10, '2019-11-07 18:15:57'),
(445, 8, 1, 196, 1, 30, '2019-11-07 18:15:57'),
(446, 8, 1, 197, 1, 30, '2019-11-07 18:15:57'),
(447, 8, 1, 198, 0, 10, '2019-11-07 18:15:57'),
(448, 8, 1, 193, 0, 9, '2019-11-07 18:15:57'),
(449, 8, 1, 194, 7, 72, '2019-11-07 18:15:57'),
(450, 8, 1, 195, 3, 38, '2019-11-07 18:15:57'),
(451, 8, 1, 190, 5, 65, '2019-11-07 18:15:57'),
(452, 8, 1, 191, 7, 84, '2019-11-07 18:15:57'),
(453, 8, 1, 192, 3, 49, '2019-11-07 18:15:57'),
(454, 8, 1, 187, 5, 56, '2019-11-07 18:15:57'),
(455, 8, 1, 188, 5, 69, '2019-11-07 18:15:57'),
(456, 8, 1, 189, 3, 31, '2019-11-07 18:15:57'),
(457, 8, 2, 214, 0, 10, '2019-11-07 18:22:08'),
(458, 8, 2, 215, 0, 10, '2019-11-07 18:22:08'),
(459, 8, 2, 216, 0, 10, '2019-11-07 18:22:08'),
(460, 8, 2, 211, 7, 90, '2019-11-07 18:22:08'),
(461, 8, 2, 212, 7, 90, '2019-11-07 18:22:08'),
(462, 8, 2, 213, 3, 50, '2019-11-07 18:22:08'),
(463, 8, 2, 208, 0, 10, '2019-11-07 18:22:08'),
(464, 8, 2, 209, 0, 10, '2019-11-07 18:22:08'),
(465, 8, 2, 210, 0, 10, '2019-11-07 18:22:08'),
(466, 8, 2, 205, 3, 50, '2019-11-07 18:22:08'),
(467, 8, 2, 206, 0, 10, '2019-11-07 18:22:08'),
(468, 8, 2, 207, 1, 30, '2019-11-07 18:22:08'),
(469, 8, 2, 202, 0, 10, '2019-11-07 18:22:08'),
(470, 8, 2, 203, 0, 10, '2019-11-07 18:22:08'),
(471, 8, 2, 204, 0, 10, '2019-11-07 18:22:08'),
(472, 8, 2, 199, 5, 70, '2019-11-07 18:22:08'),
(473, 8, 2, 200, 5, 70, '2019-11-07 18:22:08'),
(474, 8, 2, 201, 7, 90, '2019-11-07 18:22:08'),
(475, 8, 2, 196, 0, 10, '2019-11-07 18:22:08'),
(476, 8, 2, 197, 0, 10, '2019-11-07 18:22:08'),
(477, 8, 2, 198, 0, 10, '2019-11-07 18:22:08'),
(478, 8, 2, 193, 3, 50, '2019-11-07 18:22:08'),
(479, 8, 2, 194, 5, 70, '2019-11-07 18:22:08'),
(480, 8, 2, 195, 1, 30, '2019-11-07 18:22:08'),
(481, 8, 2, 190, 0, 10, '2019-11-07 18:22:08'),
(482, 8, 2, 191, 0, 10, '2019-11-07 18:22:08'),
(483, 8, 2, 192, 0, 10, '2019-11-07 18:22:08'),
(484, 8, 2, 187, 3, 50, '2019-11-07 18:22:08'),
(485, 8, 2, 188, 1, 30, '2019-11-07 18:22:08'),
(486, 8, 2, 189, 0, 10, '2019-11-07 18:22:08'),
(487, 9, 1, 214, 5, 70, '2019-11-07 19:05:53'),
(488, 9, 1, 215, 1, 30, '2019-11-07 19:05:53'),
(489, 9, 1, 216, 3, 50, '2019-11-07 19:05:53'),
(490, 9, 1, 211, 1, 30, '2019-11-07 19:05:53'),
(491, 9, 1, 212, 7, 90, '2019-11-07 19:05:53'),
(492, 9, 1, 213, 3, 50, '2019-11-07 19:05:53'),
(493, 9, 1, 208, 7, 90, '2019-11-07 19:05:53'),
(494, 9, 1, 209, 11, 100, '2019-11-07 19:05:53'),
(495, 9, 1, 210, 1, 30, '2019-11-07 19:05:53'),
(496, 9, 1, 205, 1, 30, '2019-11-07 19:05:53'),
(497, 9, 1, 206, 0, 10, '2019-11-07 19:05:53'),
(498, 9, 1, 207, 3, 50, '2019-11-07 19:05:53'),
(499, 9, 1, 202, 3, 50, '2019-11-07 19:05:53'),
(500, 9, 1, 203, 0, 10, '2019-11-07 19:05:53'),
(501, 9, 1, 204, 1, 30, '2019-11-07 19:05:53'),
(502, 9, 1, 199, 3, 50, '2019-11-07 19:05:53'),
(503, 9, 1, 200, 1, 30, '2019-11-07 19:05:53'),
(504, 9, 1, 201, 3, 50, '2019-11-07 19:05:53'),
(505, 9, 1, 196, 5, 70, '2019-11-07 19:05:53'),
(506, 9, 1, 197, 11, 100, '2019-11-07 19:05:53'),
(507, 9, 1, 198, 5, 70, '2019-11-07 19:05:53'),
(508, 9, 1, 193, 1, 30, '2019-11-07 19:05:53'),
(509, 9, 1, 194, 1, 30, '2019-11-07 19:05:53'),
(510, 9, 1, 195, 1, 30, '2019-11-07 19:05:53'),
(511, 9, 1, 190, 11, 100, '2019-11-07 19:05:53'),
(512, 9, 1, 191, 5, 70, '2019-11-07 19:05:53'),
(513, 9, 1, 192, 7, 90, '2019-11-07 19:05:53'),
(514, 9, 1, 187, 5, 70, '2019-11-07 19:05:53'),
(515, 9, 1, 188, 5, 70, '2019-11-07 19:05:53'),
(516, 9, 1, 189, 5, 70, '2019-11-07 19:05:53'),
(517, 9, 2, 214, 1, 30, '2019-11-07 19:10:10'),
(518, 9, 2, 215, 1, 30, '2019-11-07 19:10:10'),
(519, 9, 2, 216, 3, 50, '2019-11-07 19:10:10'),
(520, 9, 2, 211, 1, 30, '2019-11-07 19:10:10'),
(521, 9, 2, 213, 1, 30, '2019-11-07 19:10:10'),
(522, 9, 2, 208, 0, 10, '2019-11-07 19:10:10'),
(523, 9, 2, 210, 0, 10, '2019-11-07 19:10:10'),
(524, 9, 2, 206, 0, 10, '2019-11-07 19:10:10'),
(525, 9, 2, 207, 1, 30, '2019-11-07 19:10:10'),
(526, 9, 2, 202, 1, 30, '2019-11-07 19:10:10'),
(527, 9, 2, 203, 7, 90, '2019-11-07 19:10:10'),
(528, 9, 2, 204, 7, 90, '2019-11-07 19:10:10'),
(529, 9, 2, 199, 0, 10, '2019-11-07 19:10:10'),
(530, 9, 2, 200, 0, 10, '2019-11-07 19:10:10'),
(531, 9, 2, 201, 0, 10, '2019-11-07 19:10:10'),
(532, 9, 2, 196, 5, 70, '2019-11-07 19:10:10'),
(533, 9, 2, 197, 7, 90, '2019-11-07 19:10:10'),
(534, 9, 2, 198, 11, 100, '2019-11-07 19:10:10'),
(535, 9, 2, 193, 1, 30, '2019-11-07 19:10:10'),
(536, 9, 2, 194, 1, 30, '2019-11-07 19:10:10'),
(537, 9, 2, 195, 3, 50, '2019-11-07 19:10:10'),
(538, 9, 2, 190, 5, 70, '2019-11-07 19:10:10'),
(539, 9, 2, 191, 7, 90, '2019-11-07 19:10:10'),
(540, 9, 2, 192, 7, 90, '2019-11-07 19:10:10'),
(541, 9, 2, 187, 3, 50, '2019-11-07 19:10:10'),
(542, 9, 2, 188, 3, 50, '2019-11-07 19:10:10'),
(543, 9, 2, 189, 3, 50, '2019-11-07 19:10:10'),
(544, 10, 1, 214, 0, 10, '2019-11-07 19:46:19'),
(545, 10, 1, 215, 0, 10, '2019-11-07 19:46:19'),
(546, 10, 1, 216, 0, 10, '2019-11-07 19:46:19'),
(547, 10, 1, 211, 7, 90, '2019-11-07 19:46:19'),
(548, 10, 1, 212, 7, 90, '2019-11-07 19:46:19'),
(549, 10, 1, 213, 11, 100, '2019-11-07 19:46:19'),
(550, 10, 1, 208, 0, 10, '2019-11-07 19:46:19'),
(551, 10, 1, 209, 0, 10, '2019-11-07 19:46:19'),
(552, 10, 1, 210, 0, 10, '2019-11-07 19:46:19'),
(553, 10, 1, 205, 7, 90, '2019-11-07 19:46:19'),
(554, 10, 1, 206, 11, 100, '2019-11-07 19:46:19'),
(555, 10, 1, 207, 11, 100, '2019-11-07 19:46:19'),
(556, 10, 1, 202, 0, 10, '2019-11-07 19:46:19'),
(557, 10, 1, 203, 0, 10, '2019-11-07 19:46:19'),
(558, 10, 1, 204, 0, 10, '2019-11-07 19:46:19'),
(559, 10, 1, 199, 11, 100, '2019-11-07 19:46:19'),
(560, 10, 1, 200, 7, 90, '2019-11-07 19:46:19'),
(561, 10, 1, 201, 11, 100, '2019-11-07 19:46:19'),
(562, 10, 1, 196, 0, 10, '2019-11-07 19:46:19'),
(563, 10, 1, 197, 0, 10, '2019-11-07 19:46:19'),
(564, 10, 1, 198, 1, 30, '2019-11-07 19:46:19'),
(565, 10, 1, 193, 7, 90, '2019-11-07 19:46:19'),
(566, 10, 1, 194, 11, 100, '2019-11-07 19:46:19'),
(567, 10, 1, 195, 5, 70, '2019-11-07 19:46:19'),
(568, 10, 1, 190, 0, 10, '2019-11-07 19:46:19'),
(569, 10, 1, 191, 0, 10, '2019-11-07 19:46:19'),
(570, 10, 1, 192, 0, 10, '2019-11-07 19:46:19'),
(571, 10, 1, 187, 7, 90, '2019-11-07 19:46:19'),
(572, 10, 1, 188, 7, 90, '2019-11-07 19:46:19'),
(573, 10, 1, 189, 7, 90, '2019-11-07 19:46:19'),
(574, 10, 2, 214, 7, 90, '2019-11-07 19:53:27'),
(575, 10, 2, 215, 11, 100, '2019-11-07 19:53:27'),
(576, 10, 2, 216, 3, 50, '2019-11-07 19:53:27'),
(577, 10, 2, 211, 1, 30, '2019-11-07 19:53:27'),
(578, 10, 2, 212, 0, 10, '2019-11-07 19:53:27'),
(579, 10, 2, 213, 3, 50, '2019-11-07 19:53:27'),
(580, 10, 2, 208, 5, 69, '2019-11-07 19:53:27'),
(581, 10, 2, 209, 3, 50, '2019-11-07 19:53:27'),
(582, 10, 2, 210, 1, 30, '2019-11-07 19:53:27'),
(583, 10, 2, 206, 5, 70, '2019-11-07 19:53:27'),
(584, 10, 2, 207, 3, 32, '2019-11-07 19:53:27'),
(585, 10, 2, 202, 7, 90, '2019-11-07 19:53:27'),
(586, 10, 2, 203, 5, 66, '2019-11-07 19:53:27'),
(587, 10, 2, 204, 3, 50, '2019-11-07 19:53:27'),
(588, 10, 2, 199, 3, 50, '2019-11-07 19:53:27'),
(589, 10, 2, 200, 7, 71, '2019-11-07 19:53:27'),
(590, 10, 2, 201, 3, 50, '2019-11-07 19:53:27'),
(591, 10, 2, 196, 7, 90, '2019-11-07 19:53:27'),
(592, 10, 2, 197, 7, 72, '2019-11-07 19:53:27'),
(593, 10, 2, 198, 3, 44, '2019-11-07 19:53:27'),
(594, 10, 2, 193, 1, 30, '2019-11-07 19:53:27'),
(595, 10, 2, 194, 0, 10, '2019-11-07 19:53:27'),
(596, 10, 2, 195, 7, 72, '2019-11-07 19:53:27'),
(597, 10, 2, 190, 3, 48, '2019-11-07 19:53:27'),
(598, 10, 2, 191, 5, 70, '2019-11-07 19:53:27'),
(599, 10, 2, 192, 5, 70, '2019-11-07 19:53:27'),
(600, 10, 2, 187, 0, 10, '2019-11-07 19:53:27'),
(601, 10, 2, 188, 3, 47, '2019-11-07 19:53:27'),
(602, 10, 2, 189, 3, 50, '2019-11-07 19:53:27'),
(603, 10, 2, 205, 3, 47, '2019-11-07 19:55:56'),
(604, 11, 1, 211, 11, 100, '2019-11-07 20:14:28'),
(605, 11, 1, 212, 7, 90, '2019-11-07 20:14:28'),
(606, 11, 1, 213, 7, 90, '2019-11-07 20:14:28'),
(607, 11, 1, 208, 1, 30, '2019-11-07 20:14:28'),
(608, 11, 1, 209, 0, 10, '2019-11-07 20:14:28'),
(609, 11, 1, 210, 0, 10, '2019-11-07 20:14:28'),
(610, 11, 1, 205, 7, 90, '2019-11-07 20:14:28'),
(611, 11, 1, 206, 7, 90, '2019-11-07 20:14:28'),
(612, 11, 1, 207, 7, 90, '2019-11-07 20:14:28'),
(613, 11, 1, 202, 0, 10, '2019-11-07 20:14:28'),
(614, 11, 1, 203, 0, 10, '2019-11-07 20:14:28'),
(615, 11, 1, 204, 0, 10, '2019-11-07 20:14:28'),
(616, 11, 1, 199, 7, 90, '2019-11-07 20:14:28'),
(617, 11, 1, 200, 7, 90, '2019-11-07 20:14:28'),
(618, 11, 1, 201, 7, 90, '2019-11-07 20:14:28'),
(619, 11, 1, 196, 1, 30, '2019-11-07 20:14:28'),
(620, 11, 1, 197, 0, 10, '2019-11-07 20:14:28'),
(621, 11, 1, 198, 0, 10, '2019-11-07 20:14:28'),
(622, 11, 1, 193, 7, 90, '2019-11-07 20:14:28'),
(623, 11, 1, 194, 7, 90, '2019-11-07 20:14:28'),
(624, 11, 1, 195, 7, 90, '2019-11-07 20:14:28'),
(625, 11, 1, 190, 0, 10, '2019-11-07 20:14:28'),
(626, 11, 1, 191, 1, 30, '2019-11-07 20:14:28'),
(627, 11, 1, 192, 0, 10, '2019-11-07 20:14:28'),
(628, 11, 1, 187, 7, 90, '2019-11-07 20:14:28'),
(629, 11, 1, 188, 7, 90, '2019-11-07 20:14:28'),
(630, 11, 1, 189, 7, 90, '2019-11-07 20:14:28'),
(631, 11, 2, 214, 3, 50, '2019-11-07 20:20:35'),
(632, 11, 2, 215, 3, 50, '2019-11-07 20:20:35'),
(633, 11, 2, 216, 1, 30, '2019-11-07 20:20:35'),
(634, 11, 2, 211, 0, 10, '2019-11-07 20:20:35'),
(635, 11, 2, 212, 0, 10, '2019-11-07 20:20:35'),
(636, 11, 2, 213, 0, 10, '2019-11-07 20:20:35'),
(637, 11, 2, 208, 3, 50, '2019-11-07 20:20:35'),
(638, 11, 2, 209, 3, 50, '2019-11-07 20:20:35'),
(639, 11, 2, 210, 3, 50, '2019-11-07 20:20:35'),
(640, 11, 2, 205, 0, 10, '2019-11-07 20:20:35'),
(641, 11, 2, 206, 1, 30, '2019-11-07 20:20:35'),
(642, 11, 2, 207, 0, 10, '2019-11-07 20:20:35'),
(643, 11, 2, 202, 3, 50, '2019-11-07 20:20:35'),
(644, 11, 2, 203, 3, 50, '2019-11-07 20:20:35'),
(645, 11, 2, 204, 1, 30, '2019-11-07 20:20:35'),
(646, 11, 2, 199, 0, 10, '2019-11-07 20:20:35'),
(647, 11, 2, 200, 1, 30, '2019-11-07 20:20:35'),
(648, 11, 2, 201, 1, 30, '2019-11-07 20:20:35'),
(649, 11, 2, 196, 3, 50, '2019-11-07 20:20:35'),
(650, 11, 2, 197, 3, 50, '2019-11-07 20:20:35'),
(651, 11, 2, 198, 3, 50, '2019-11-07 20:20:35'),
(652, 11, 2, 193, 1, 30, '2019-11-07 20:20:35'),
(653, 11, 2, 194, 0, 10, '2019-11-07 20:20:35'),
(654, 11, 2, 195, 0, 10, '2019-11-07 20:20:35'),
(655, 11, 2, 190, 3, 50, '2019-11-07 20:20:35'),
(656, 11, 2, 191, 1, 30, '2019-11-07 20:20:35'),
(657, 11, 2, 192, 1, 30, '2019-11-07 20:20:35'),
(658, 11, 2, 187, 0, 10, '2019-11-07 20:20:35'),
(659, 11, 2, 188, 1, 30, '2019-11-07 20:20:35'),
(660, 11, 2, 189, 1, 30, '2019-11-07 20:20:35'),
(661, 14, 1, 214, 7, 90, '2019-11-07 21:28:19'),
(662, 14, 1, 215, 5, 70, '2019-11-07 21:28:19'),
(663, 14, 1, 216, 5, 70, '2019-11-07 21:28:19'),
(664, 14, 1, 211, 7, 90, '2019-11-07 21:28:19'),
(665, 14, 1, 212, 7, 90, '2019-11-07 21:28:19'),
(666, 14, 1, 213, 7, 90, '2019-11-07 21:28:19'),
(667, 14, 1, 208, 3, 50, '2019-11-07 21:28:19'),
(668, 14, 1, 209, 3, 50, '2019-11-07 21:28:19'),
(669, 14, 1, 210, 5, 70, '2019-11-07 21:28:19'),
(670, 14, 1, 205, 0, 10, '2019-11-07 21:28:19'),
(671, 14, 1, 206, 0, 10, '2019-11-07 21:28:19'),
(672, 14, 1, 207, 0, 10, '2019-11-07 21:28:19'),
(673, 14, 1, 202, 3, 50, '2019-11-07 21:28:19'),
(674, 14, 1, 203, 5, 70, '2019-11-07 21:28:19'),
(675, 14, 1, 204, 3, 50, '2019-11-07 21:28:19'),
(676, 14, 1, 199, 0, 10, '2019-11-07 21:28:19'),
(677, 14, 1, 200, 0, 10, '2019-11-07 21:28:19'),
(678, 14, 1, 201, 0, 10, '2019-11-07 21:28:19'),
(679, 14, 1, 196, 3, 50, '2019-11-07 21:28:19'),
(680, 14, 1, 197, 3, 50, '2019-11-07 21:28:19'),
(681, 14, 1, 198, 3, 50, '2019-11-07 21:28:19'),
(682, 14, 1, 193, 0, 10, '2019-11-07 21:28:19'),
(683, 14, 1, 194, 0, 10, '2019-11-07 21:28:19'),
(684, 14, 1, 195, 5, 70, '2019-11-07 21:28:19'),
(685, 14, 1, 190, 1, 30, '2019-11-07 21:28:19'),
(686, 14, 1, 191, 1, 30, '2019-11-07 21:28:19'),
(687, 14, 1, 192, 3, 50, '2019-11-07 21:28:19'),
(688, 14, 1, 187, 0, 10, '2019-11-07 21:28:19'),
(689, 14, 1, 188, 3, 50, '2019-11-07 21:28:19'),
(690, 14, 1, 189, 0, 10, '2019-11-07 21:28:19'),
(691, 14, 2, 214, 0, 10, '2019-11-07 21:41:00'),
(692, 14, 2, 215, 0, 10, '2019-11-07 21:41:00'),
(693, 14, 2, 216, 0, 10, '2019-11-07 21:41:00'),
(694, 14, 2, 211, 0, 10, '2019-11-07 21:41:00'),
(695, 14, 2, 212, 0, 10, '2019-11-07 21:41:00'),
(696, 14, 2, 213, 0, 10, '2019-11-07 21:41:00'),
(697, 14, 2, 208, 7, 90, '2019-11-07 21:41:00'),
(698, 14, 2, 209, 0, 10, '2019-11-07 21:41:00'),
(699, 14, 2, 210, 1, 30, '2019-11-07 21:41:00'),
(700, 14, 2, 205, 7, 90, '2019-11-07 21:41:00'),
(701, 14, 2, 206, 3, 50, '2019-11-07 21:41:00'),
(702, 14, 2, 207, 3, 50, '2019-11-07 21:41:00'),
(703, 14, 2, 202, 5, 70, '2019-11-07 21:41:00'),
(704, 14, 2, 203, 0, 10, '2019-11-07 21:41:00'),
(705, 14, 2, 204, 0, 10, '2019-11-07 21:41:00'),
(706, 14, 2, 199, 5, 70, '2019-11-07 21:41:00'),
(707, 14, 2, 200, 5, 70, '2019-11-07 21:41:00'),
(708, 14, 2, 201, 5, 70, '2019-11-07 21:41:00'),
(709, 14, 2, 196, 1, 30, '2019-11-07 21:41:00'),
(710, 14, 2, 197, 0, 10, '2019-11-07 21:41:00'),
(711, 14, 2, 198, 3, 50, '2019-11-07 21:41:00'),
(712, 14, 2, 193, 3, 50, '2019-11-07 21:41:00'),
(713, 14, 2, 194, 5, 70, '2019-11-07 21:41:00'),
(714, 14, 2, 195, 1, 30, '2019-11-07 21:41:00'),
(715, 14, 2, 190, 1, 30, '2019-11-07 21:41:00'),
(716, 14, 2, 191, 3, 50, '2019-11-07 21:41:00'),
(717, 14, 2, 192, 3, 50, '2019-11-07 21:41:00'),
(718, 14, 2, 187, 3, 50, '2019-11-07 21:41:00'),
(719, 14, 2, 188, 5, 70, '2019-11-07 21:41:00'),
(720, 14, 2, 189, 1, 30, '2019-11-07 21:41:00'),
(721, 15, 1, 214, 1, 30, '2019-11-07 22:30:06'),
(722, 15, 1, 215, 3, 50, '2019-11-07 22:30:06'),
(723, 15, 1, 216, 5, 70, '2019-11-07 22:30:06'),
(724, 15, 1, 211, 7, 90, '2019-11-07 22:30:06'),
(725, 15, 1, 212, 5, 70, '2019-11-07 22:30:06'),
(726, 15, 1, 213, 11, 100, '2019-11-07 22:30:06'),
(727, 15, 1, 208, 7, 90, '2019-11-07 22:30:06'),
(728, 15, 1, 209, 11, 100, '2019-11-07 22:30:06'),
(729, 15, 1, 210, 3, 50, '2019-11-07 22:30:06'),
(730, 15, 1, 205, 0, 10, '2019-11-07 22:30:06'),
(731, 15, 1, 206, 3, 50, '2019-11-07 22:30:06'),
(732, 15, 1, 207, 1, 30, '2019-11-07 22:30:06'),
(733, 15, 1, 202, 1, 30, '2019-11-07 22:30:06'),
(734, 15, 1, 203, 1, 30, '2019-11-07 22:30:06'),
(735, 15, 1, 204, 1, 30, '2019-11-07 22:30:06'),
(736, 15, 1, 199, 3, 50, '2019-11-07 22:30:06'),
(737, 15, 1, 200, 3, 50, '2019-11-07 22:30:06'),
(738, 15, 1, 201, 11, 100, '2019-11-07 22:30:06'),
(739, 15, 1, 196, 11, 100, '2019-11-07 22:30:06'),
(740, 15, 1, 197, 11, 100, '2019-11-07 22:30:06'),
(741, 15, 1, 198, 11, 100, '2019-11-07 22:30:06'),
(742, 15, 1, 193, 5, 70, '2019-11-07 22:30:06'),
(743, 15, 1, 194, 5, 70, '2019-11-07 22:30:06'),
(744, 15, 1, 195, 5, 70, '2019-11-07 22:30:06'),
(745, 15, 1, 190, 7, 90, '2019-11-07 22:30:06'),
(746, 15, 1, 191, 7, 90, '2019-11-07 22:30:06'),
(747, 15, 1, 192, 7, 90, '2019-11-07 22:30:06'),
(748, 15, 1, 187, 1, 30, '2019-11-07 22:30:06'),
(749, 15, 1, 188, 11, 100, '2019-11-07 22:30:06'),
(750, 15, 1, 189, 7, 90, '2019-11-07 22:30:06'),
(751, 15, 2, 214, 1, 30, '2019-11-07 22:32:33'),
(752, 15, 2, 215, 1, 30, '2019-11-07 22:32:33'),
(753, 15, 2, 216, 1, 30, '2019-11-07 22:32:33'),
(754, 15, 2, 211, 3, 50, '2019-11-07 22:32:33'),
(755, 15, 2, 212, 3, 50, '2019-11-07 22:32:33'),
(756, 15, 2, 213, 3, 50, '2019-11-07 22:32:33'),
(757, 15, 2, 208, 7, 90, '2019-11-07 22:32:33'),
(758, 15, 2, 209, 11, 100, '2019-11-07 22:32:33'),
(759, 15, 2, 210, 7, 90, '2019-11-07 22:32:33'),
(760, 15, 2, 205, 1, 30, '2019-11-07 22:32:33'),
(761, 15, 2, 206, 7, 90, '2019-11-07 22:32:33'),
(762, 15, 2, 207, 5, 70, '2019-11-07 22:32:33'),
(763, 15, 2, 202, 1, 30, '2019-11-07 22:32:33'),
(764, 15, 2, 203, 0, 10, '2019-11-07 22:32:33'),
(765, 15, 2, 204, 0, 10, '2019-11-07 22:32:33'),
(766, 15, 2, 199, 7, 90, '2019-11-07 22:32:33'),
(767, 15, 2, 200, 5, 70, '2019-11-07 22:32:33'),
(768, 15, 2, 201, 3, 50, '2019-11-07 22:32:33'),
(769, 15, 2, 196, 1, 30, '2019-11-07 22:32:33'),
(770, 15, 2, 197, 1, 30, '2019-11-07 22:32:33'),
(771, 15, 2, 198, 1, 30, '2019-11-07 22:32:33'),
(772, 15, 2, 193, 3, 50, '2019-11-07 22:32:33'),
(773, 15, 2, 194, 3, 50, '2019-11-07 22:32:33'),
(774, 15, 2, 195, 3, 50, '2019-11-07 22:32:33'),
(775, 15, 2, 190, 7, 90, '2019-11-07 22:32:33'),
(776, 15, 2, 191, 7, 90, '2019-11-07 22:32:33'),
(777, 15, 2, 192, 7, 90, '2019-11-07 22:32:33'),
(778, 15, 2, 187, 1, 30, '2019-11-07 22:32:33'),
(779, 15, 2, 188, 5, 70, '2019-11-07 22:32:33'),
(780, 15, 2, 189, 0, 10, '2019-11-07 22:32:33'),
(781, 16, 2, 214, 0, 10, '2019-11-08 10:54:05'),
(782, 16, 2, 215, 0, 10, '2019-11-08 10:54:05'),
(783, 16, 2, 216, 0, 10, '2019-11-08 10:54:05'),
(784, 16, 2, 211, 5, 70, '2019-11-08 10:54:05'),
(785, 16, 2, 212, 5, 70, '2019-11-08 10:54:05'),
(786, 16, 2, 213, 3, 50, '2019-11-08 10:54:05'),
(787, 16, 2, 208, 1, 30, '2019-11-08 10:54:05'),
(788, 16, 2, 209, 0, 10, '2019-11-08 10:54:05'),
(789, 16, 2, 210, 1, 30, '2019-11-08 10:54:05'),
(790, 16, 2, 205, 3, 50, '2019-11-08 10:54:05'),
(791, 16, 2, 206, 3, 50, '2019-11-08 10:54:05'),
(792, 16, 2, 207, 5, 70, '2019-11-08 10:54:05'),
(793, 16, 2, 202, 1, 30, '2019-11-08 10:54:05'),
(794, 16, 2, 203, 0, 10, '2019-11-08 10:54:05'),
(795, 16, 2, 204, 0, 10, '2019-11-08 10:54:05'),
(796, 16, 2, 199, 5, 70, '2019-11-08 10:54:05'),
(797, 16, 2, 200, 5, 70, '2019-11-08 10:54:05'),
(798, 16, 2, 201, 5, 70, '2019-11-08 10:54:05'),
(799, 16, 2, 196, 1, 30, '2019-11-08 10:54:05'),
(800, 16, 2, 197, 3, 50, '2019-11-08 10:54:05'),
(801, 16, 2, 198, 5, 70, '2019-11-08 10:54:05'),
(802, 16, 2, 193, 3, 50, '2019-11-08 10:54:05'),
(803, 16, 2, 194, 3, 50, '2019-11-08 10:54:05'),
(804, 16, 2, 195, 3, 50, '2019-11-08 10:54:05'),
(805, 16, 2, 190, 5, 70, '2019-11-08 10:54:05'),
(806, 16, 2, 191, 5, 70, '2019-11-08 10:54:05'),
(807, 16, 2, 192, 5, 70, '2019-11-08 10:54:05'),
(808, 16, 2, 187, 1, 30, '2019-11-08 10:54:05'),
(809, 16, 2, 188, 1, 30, '2019-11-08 10:54:05'),
(810, 16, 2, 189, 0, 10, '2019-11-08 10:54:05'),
(811, 16, 1, 214, 5, 70, '2019-11-08 10:58:01'),
(812, 16, 1, 215, 3, 50, '2019-11-08 10:58:01'),
(813, 16, 1, 216, 3, 50, '2019-11-08 10:58:01'),
(814, 16, 1, 211, 0, 10, '2019-11-08 10:58:01'),
(815, 16, 1, 212, 0, 10, '2019-11-08 10:58:01'),
(816, 16, 1, 213, 0, 10, '2019-11-08 10:58:01'),
(817, 16, 1, 208, 3, 50, '2019-11-08 10:58:01'),
(818, 16, 1, 209, 1, 30, '2019-11-08 10:58:01'),
(819, 16, 1, 210, 1, 30, '2019-11-08 10:58:01'),
(820, 16, 1, 205, 0, 10, '2019-11-08 10:58:01'),
(821, 16, 1, 206, 0, 10, '2019-11-08 10:58:01'),
(822, 16, 1, 207, 0, 10, '2019-11-08 10:58:01'),
(823, 16, 1, 202, 5, 70, '2019-11-08 10:58:01'),
(824, 16, 1, 203, 5, 70, '2019-11-08 10:58:01'),
(825, 16, 1, 204, 5, 70, '2019-11-08 10:58:01'),
(826, 16, 1, 199, 0, 10, '2019-11-08 10:58:01'),
(827, 16, 1, 200, 0, 10, '2019-11-08 10:58:01'),
(828, 16, 1, 201, 0, 10, '2019-11-08 10:58:01'),
(829, 16, 1, 196, 3, 50, '2019-11-08 10:58:01'),
(830, 16, 1, 197, 3, 50, '2019-11-08 10:58:01'),
(831, 16, 1, 198, 1, 30, '2019-11-08 10:58:01'),
(832, 16, 1, 193, 0, 10, '2019-11-08 10:58:01'),
(833, 16, 1, 194, 0, 10, '2019-11-08 10:58:01'),
(834, 16, 1, 195, 0, 10, '2019-11-08 10:58:01'),
(835, 16, 1, 190, 5, 70, '2019-11-08 10:58:01'),
(836, 16, 1, 191, 3, 50, '2019-11-08 10:58:01'),
(837, 16, 1, 192, 3, 50, '2019-11-08 10:58:01'),
(838, 16, 1, 187, 1, 30, '2019-11-08 10:58:01'),
(839, 16, 1, 188, 0, 10, '2019-11-08 10:58:01'),
(840, 16, 1, 189, 1, 30, '2019-11-08 10:58:01'),
(841, 18, 1, 250, 3, 50, '2019-11-09 19:07:23'),
(842, 18, 1, 251, 1, 30, '2019-11-09 19:07:23'),
(843, 18, 1, 252, 3, 50, '2019-11-09 19:07:23'),
(844, 18, 1, 247, 3, 50, '2019-11-09 19:07:23'),
(845, 18, 1, 248, 1, 30, '2019-11-09 19:07:23'),
(846, 18, 1, 249, 7, 90, '2019-11-09 19:07:23'),
(847, 18, 1, 244, 7, 90, '2019-11-09 19:07:23'),
(848, 18, 1, 245, 5, 70, '2019-11-09 19:07:23'),
(849, 18, 1, 246, 11, 100, '2019-11-09 19:07:23'),
(850, 18, 1, 241, 7, 90, '2019-11-09 19:07:23'),
(851, 18, 1, 242, 3, 50, '2019-11-09 19:07:23'),
(852, 18, 1, 243, 0, 10, '2019-11-09 19:07:23'),
(853, 18, 1, 238, 3, 50, '2019-11-09 19:07:23'),
(854, 18, 1, 239, 3, 50, '2019-11-09 19:07:23'),
(855, 18, 1, 240, 3, 50, '2019-11-09 19:07:23'),
(856, 18, 1, 235, 7, 90, '2019-11-09 19:07:23'),
(857, 18, 1, 236, 3, 50, '2019-11-09 19:07:23'),
(858, 18, 1, 237, 3, 50, '2019-11-09 19:07:23'),
(859, 18, 1, 232, 3, 50, '2019-11-09 19:07:23'),
(860, 18, 1, 233, 1, 30, '2019-11-09 19:07:23'),
(861, 18, 1, 234, 0, 10, '2019-11-09 19:07:23'),
(862, 18, 1, 229, 0, 10, '2019-11-09 19:07:23'),
(863, 18, 1, 230, 0, 10, '2019-11-09 19:07:23'),
(864, 18, 1, 231, 0, 10, '2019-11-09 19:07:23'),
(865, 18, 1, 226, 11, 100, '2019-11-09 19:07:23'),
(866, 18, 1, 227, 0, 10, '2019-11-09 19:07:23'),
(867, 18, 1, 228, 11, 100, '2019-11-09 19:07:23'),
(868, 18, 1, 223, 3, 50, '2019-11-09 19:07:23'),
(869, 18, 1, 224, 0, 10, '2019-11-09 19:07:23'),
(870, 18, 1, 225, 0, 10, '2019-11-09 19:07:23'),
(871, 18, 2, 250, 3, 50, '2019-11-09 19:12:44'),
(872, 18, 2, 251, 1, 30, '2019-11-09 19:12:44'),
(873, 18, 2, 252, 0, 10, '2019-11-09 19:12:44'),
(874, 18, 2, 247, 5, 70, '2019-11-09 19:12:44'),
(875, 18, 2, 248, 3, 50, '2019-11-09 19:12:44'),
(876, 18, 2, 249, 3, 50, '2019-11-09 19:12:44'),
(877, 18, 2, 244, 7, 90, '2019-11-09 19:12:44'),
(878, 18, 2, 245, 1, 30, '2019-11-09 19:12:44'),
(879, 18, 2, 246, 1, 30, '2019-11-09 19:12:44'),
(880, 18, 2, 241, 3, 50, '2019-11-09 19:12:44'),
(881, 18, 2, 242, 3, 50, '2019-11-09 19:12:44'),
(882, 18, 2, 243, 1, 30, '2019-11-09 19:12:44'),
(883, 18, 2, 238, 1, 30, '2019-11-09 19:12:44'),
(884, 18, 2, 239, 3, 50, '2019-11-09 19:12:44'),
(885, 18, 2, 240, 1, 30, '2019-11-09 19:12:44'),
(886, 18, 2, 235, 1, 30, '2019-11-09 19:12:44'),
(887, 18, 2, 236, 5, 70, '2019-11-09 19:12:44'),
(888, 18, 2, 237, 3, 50, '2019-11-09 19:12:44'),
(889, 18, 2, 232, 7, 90, '2019-11-09 19:12:44'),
(890, 18, 2, 233, 7, 90, '2019-11-09 19:12:44'),
(891, 18, 2, 234, 1, 30, '2019-11-09 19:12:44'),
(892, 18, 2, 229, 3, 50, '2019-11-09 19:12:44'),
(893, 18, 2, 230, 1, 30, '2019-11-09 19:12:44'),
(894, 18, 2, 231, 3, 50, '2019-11-09 19:12:44'),
(895, 18, 2, 226, 5, 70, '2019-11-09 19:12:44'),
(896, 18, 2, 227, 11, 100, '2019-11-09 19:12:44'),
(897, 18, 2, 228, 1, 30, '2019-11-09 19:12:44'),
(898, 18, 2, 223, 1, 30, '2019-11-09 19:12:44'),
(899, 18, 2, 224, 1, 30, '2019-11-09 19:12:44'),
(900, 18, 2, 225, 7, 90, '2019-11-09 19:12:44'),
(901, 21, 1, 214, 7, 90, '2019-11-12 16:48:35'),
(902, 21, 1, 215, 7, 90, '2019-11-12 16:48:35'),
(903, 21, 1, 216, 0, 10, '2019-11-12 16:48:35'),
(904, 21, 1, 211, 0, 10, '2019-11-12 16:48:35'),
(905, 21, 1, 212, 0, 10, '2019-11-12 16:48:35'),
(906, 21, 1, 213, 1, 30, '2019-11-12 16:48:35'),
(907, 21, 1, 208, 3, 50, '2019-11-12 16:48:35'),
(908, 21, 1, 209, 0, 10, '2019-11-12 16:48:35'),
(909, 21, 1, 210, 0, 10, '2019-11-12 16:48:35'),
(910, 21, 1, 205, 1, 30, '2019-11-12 16:48:35'),
(911, 21, 1, 206, 1, 30, '2019-11-12 16:48:35'),
(912, 21, 1, 207, 0, 10, '2019-11-12 16:48:35'),
(913, 21, 1, 202, 7, 90, '2019-11-12 16:48:35'),
(914, 21, 1, 203, 7, 90, '2019-11-12 16:48:35'),
(915, 21, 1, 204, 7, 90, '2019-11-12 16:48:35'),
(916, 21, 1, 199, 0, 10, '2019-11-12 16:48:35'),
(917, 21, 1, 200, 3, 50, '2019-11-12 16:48:35'),
(918, 21, 1, 201, 3, 50, '2019-11-12 16:48:35'),
(919, 21, 1, 196, 7, 90, '2019-11-12 16:48:35'),
(920, 21, 1, 197, 7, 90, '2019-11-12 16:48:35'),
(921, 21, 1, 198, 7, 90, '2019-11-12 16:48:35'),
(922, 21, 1, 193, 0, 10, '2019-11-12 16:48:35'),
(923, 21, 1, 194, 1, 30, '2019-11-12 16:48:35'),
(924, 21, 1, 195, 0, 10, '2019-11-12 16:48:35'),
(925, 21, 1, 190, 7, 90, '2019-11-12 16:48:35'),
(926, 21, 1, 191, 7, 90, '2019-11-12 16:48:35'),
(927, 21, 1, 192, 0, 10, '2019-11-12 16:48:35'),
(928, 21, 1, 187, 0, 10, '2019-11-12 16:48:35'),
(929, 21, 1, 188, 0, 10, '2019-11-12 16:48:35'),
(930, 21, 1, 189, 0, 10, '2019-11-12 16:48:35'),
(931, 21, 2, 214, 1, 30, '2019-11-12 16:52:26'),
(932, 21, 2, 215, 0, 10, '2019-11-12 16:52:26'),
(933, 21, 2, 216, 0, 10, '2019-11-12 16:52:26'),
(934, 21, 2, 211, 0, 10, '2019-11-12 16:52:26'),
(935, 21, 2, 212, 0, 10, '2019-11-12 16:52:26'),
(936, 21, 2, 213, 0, 10, '2019-11-12 16:52:26'),
(937, 21, 2, 208, 5, 70, '2019-11-12 16:52:26'),
(938, 21, 2, 209, 1, 30, '2019-11-12 16:52:26'),
(939, 21, 2, 210, 1, 30, '2019-11-12 16:52:26'),
(940, 21, 2, 205, 0, 10, '2019-11-12 16:52:26'),
(941, 21, 2, 206, 0, 10, '2019-11-12 16:52:26'),
(942, 21, 2, 207, 0, 10, '2019-11-12 16:52:26'),
(943, 21, 2, 202, 3, 50, '2019-11-12 16:52:26'),
(944, 21, 2, 203, 3, 50, '2019-11-12 16:52:26'),
(945, 21, 2, 204, 3, 50, '2019-11-12 16:52:26'),
(946, 21, 2, 199, 5, 70, '2019-11-12 16:52:26'),
(947, 21, 2, 200, 5, 70, '2019-11-12 16:52:26'),
(948, 21, 2, 201, 3, 50, '2019-11-12 16:52:26'),
(949, 21, 2, 196, 3, 50, '2019-11-12 16:52:26'),
(950, 21, 2, 197, 3, 50, '2019-11-12 16:52:26'),
(951, 21, 2, 198, 3, 50, '2019-11-12 16:52:26'),
(952, 21, 2, 193, 0, 10, '2019-11-12 16:52:26'),
(953, 21, 2, 194, 5, 70, '2019-11-12 16:52:26'),
(954, 21, 2, 195, 5, 70, '2019-11-12 16:52:26'),
(955, 21, 2, 190, 0, 10, '2019-11-12 16:52:26'),
(956, 21, 2, 191, 0, 10, '2019-11-12 16:52:26'),
(957, 21, 2, 192, 0, 10, '2019-11-12 16:52:26'),
(958, 21, 2, 187, 7, 90, '2019-11-12 16:52:26'),
(959, 21, 2, 188, 7, 90, '2019-11-12 16:52:26'),
(960, 21, 2, 189, 7, 90, '2019-11-12 16:52:26'),
(961, 23, 1, 214, 1, 30, '2019-11-14 16:38:42'),
(962, 23, 1, 215, 3, 50, '2019-11-14 16:38:42'),
(963, 23, 1, 216, 0, 10, '2019-11-14 16:38:42'),
(964, 23, 1, 211, 1, 30, '2019-11-14 16:38:42'),
(965, 23, 1, 212, 0, 10, '2019-11-14 16:38:42'),
(966, 23, 1, 213, 0, 10, '2019-11-14 16:38:42'),
(967, 23, 1, 208, 1, 30, '2019-11-14 16:38:42'),
(968, 23, 1, 209, 1, 30, '2019-11-14 16:38:42'),
(969, 23, 1, 210, 1, 30, '2019-11-14 16:38:42'),
(970, 23, 1, 205, 0, 10, '2019-11-14 16:38:42'),
(971, 23, 1, 206, 0, 10, '2019-11-14 16:38:42'),
(972, 23, 1, 207, 0, 10, '2019-11-14 16:38:42'),
(973, 23, 1, 202, 3, 50, '2019-11-14 16:38:42'),
(974, 23, 1, 203, 7, 90, '2019-11-14 16:38:42'),
(975, 23, 1, 204, 7, 90, '2019-11-14 16:38:42'),
(976, 23, 1, 199, 0, 10, '2019-11-14 16:38:42'),
(977, 23, 1, 200, 0, 10, '2019-11-14 16:38:42'),
(978, 23, 1, 201, 0, 10, '2019-11-14 16:38:42'),
(979, 23, 1, 196, 7, 90, '2019-11-14 16:38:42'),
(980, 23, 1, 197, 5, 70, '2019-11-14 16:38:42'),
(981, 23, 1, 198, 0, 10, '2019-11-14 16:38:42'),
(982, 23, 1, 193, 0, 10, '2019-11-14 16:38:42'),
(983, 23, 1, 194, 0, 10, '2019-11-14 16:38:42'),
(984, 23, 1, 195, 1, 30, '2019-11-14 16:38:42'),
(985, 23, 1, 190, 5, 70, '2019-11-14 16:38:42'),
(986, 23, 1, 191, 0, 10, '2019-11-14 16:38:42'),
(987, 23, 1, 192, 0, 10, '2019-11-14 16:38:42'),
(988, 23, 1, 187, 3, 50, '2019-11-14 16:38:42'),
(989, 23, 1, 188, 5, 70, '2019-11-14 16:38:42'),
(990, 23, 1, 189, 5, 70, '2019-11-14 16:38:42'),
(991, 23, 2, 214, 0, 10, '2019-11-14 16:48:01'),
(992, 23, 2, 215, 3, 50, '2019-11-14 16:48:01'),
(993, 23, 2, 216, 0, 10, '2019-11-14 16:48:01'),
(994, 23, 2, 211, 0, 10, '2019-11-14 16:48:01'),
(995, 23, 2, 212, 0, 10, '2019-11-14 16:48:01'),
(996, 23, 2, 213, 3, 50, '2019-11-14 16:48:01'),
(997, 23, 2, 208, 3, 50, '2019-11-14 16:48:01'),
(998, 23, 2, 209, 0, 10, '2019-11-14 16:48:01'),
(999, 23, 2, 210, 0, 10, '2019-11-14 16:48:01'),
(1000, 23, 2, 205, 5, 70, '2019-11-14 16:48:01'),
(1001, 23, 2, 206, 3, 50, '2019-11-14 16:48:01'),
(1002, 23, 2, 207, 5, 70, '2019-11-14 16:48:01'),
(1003, 23, 2, 202, 0, 10, '2019-11-14 16:48:01'),
(1004, 23, 2, 203, 0, 10, '2019-11-14 16:48:01'),
(1005, 23, 2, 204, 0, 10, '2019-11-14 16:48:01'),
(1006, 23, 2, 199, 1, 30, '2019-11-14 16:48:01'),
(1007, 23, 2, 200, 3, 50, '2019-11-14 16:48:01'),
(1008, 23, 2, 201, 5, 70, '2019-11-14 16:48:01'),
(1009, 23, 2, 196, 0, 10, '2019-11-14 16:48:01'),
(1010, 23, 2, 197, 0, 10, '2019-11-14 16:48:01'),
(1011, 23, 2, 198, 1, 30, '2019-11-14 16:48:01'),
(1012, 23, 2, 193, 3, 50, '2019-11-14 16:48:01'),
(1013, 23, 2, 194, 5, 70, '2019-11-14 16:48:01'),
(1014, 23, 2, 195, 5, 70, '2019-11-14 16:48:01'),
(1015, 23, 2, 190, 0, 10, '2019-11-14 16:48:01'),
(1016, 23, 2, 191, 0, 10, '2019-11-14 16:48:01'),
(1017, 23, 2, 192, 0, 10, '2019-11-14 16:48:01'),
(1018, 23, 2, 187, 1, 30, '2019-11-14 16:48:01'),
(1019, 23, 2, 188, 1, 30, '2019-11-14 16:48:01'),
(1020, 23, 2, 189, 0, 10, '2019-11-14 16:48:01'),
(1021, 24, 1, 214, 0, 10, '2019-11-14 17:01:37'),
(1022, 24, 1, 215, 0, 10, '2019-11-14 17:01:37'),
(1023, 24, 1, 216, 0, 10, '2019-11-14 17:01:37'),
(1024, 24, 1, 211, 11, 100, '2019-11-14 17:01:37'),
(1025, 24, 1, 212, 11, 100, '2019-11-14 17:01:37'),
(1026, 24, 1, 213, 11, 100, '2019-11-14 17:01:37'),
(1027, 24, 1, 208, 1, 30, '2019-11-14 17:01:37'),
(1028, 24, 1, 209, 0, 10, '2019-11-14 17:01:37'),
(1029, 24, 1, 210, 0, 10, '2019-11-14 17:01:37'),
(1030, 24, 1, 205, 1, 30, '2019-11-14 17:01:37'),
(1031, 24, 1, 206, 7, 90, '2019-11-14 17:01:37'),
(1032, 24, 1, 207, 7, 90, '2019-11-14 17:01:37'),
(1033, 24, 1, 202, 0, 10, '2019-11-14 17:01:37'),
(1034, 24, 1, 203, 1, 30, '2019-11-14 17:01:37'),
(1035, 24, 1, 204, 1, 30, '2019-11-14 17:01:37'),
(1036, 24, 1, 199, 3, 50, '2019-11-14 17:01:37'),
(1037, 24, 1, 200, 5, 70, '2019-11-14 17:01:37'),
(1038, 24, 1, 201, 3, 50, '2019-11-14 17:01:37'),
(1039, 24, 1, 196, 0, 10, '2019-11-14 17:01:37'),
(1040, 24, 1, 197, 0, 10, '2019-11-14 17:01:37'),
(1041, 24, 1, 198, 1, 30, '2019-11-14 17:01:37'),
(1042, 24, 1, 193, 3, 50, '2019-11-14 17:01:37'),
(1043, 24, 1, 194, 7, 90, '2019-11-14 17:01:37'),
(1044, 24, 1, 195, 3, 50, '2019-11-14 17:01:37'),
(1045, 24, 1, 190, 0, 10, '2019-11-14 17:01:37'),
(1046, 24, 1, 191, 0, 10, '2019-11-14 17:01:37'),
(1047, 24, 1, 192, 0, 10, '2019-11-14 17:01:37'),
(1048, 24, 1, 187, 5, 70, '2019-11-14 17:01:37'),
(1049, 24, 1, 188, 5, 70, '2019-11-14 17:01:37'),
(1050, 24, 1, 189, 3, 50, '2019-11-14 17:01:37'),
(1051, 24, 2, 214, 0, 10, '2019-11-14 17:05:51'),
(1052, 24, 2, 215, 5, 70, '2019-11-14 17:05:51'),
(1053, 24, 2, 216, 0, 10, '2019-11-14 17:05:51'),
(1054, 24, 2, 211, 0, 10, '2019-11-14 17:05:51'),
(1055, 24, 2, 212, 0, 10, '2019-11-14 17:05:51'),
(1056, 24, 2, 213, 0, 10, '2019-11-14 17:05:51'),
(1057, 24, 2, 208, 0, 10, '2019-11-14 17:05:51'),
(1058, 24, 2, 209, 3, 50, '2019-11-14 17:05:51'),
(1059, 24, 2, 210, 1, 30, '2019-11-14 17:05:51'),
(1060, 24, 2, 205, 0, 10, '2019-11-14 17:05:51'),
(1061, 24, 2, 206, 0, 10, '2019-11-14 17:05:51'),
(1062, 24, 2, 207, 0, 10, '2019-11-14 17:05:51'),
(1063, 24, 2, 202, 3, 50, '2019-11-14 17:05:51'),
(1064, 24, 2, 203, 3, 50, '2019-11-14 17:05:51'),
(1065, 24, 2, 204, 3, 50, '2019-11-14 17:05:51'),
(1066, 24, 2, 199, 0, 10, '2019-11-14 17:05:51'),
(1067, 24, 2, 200, 0, 10, '2019-11-14 17:05:51'),
(1068, 24, 2, 201, 0, 10, '2019-11-14 17:05:51'),
(1069, 24, 2, 196, 1, 30, '2019-11-14 17:05:51'),
(1070, 24, 2, 197, 3, 50, '2019-11-14 17:05:51'),
(1071, 24, 2, 198, 0, 10, '2019-11-14 17:05:51'),
(1072, 24, 2, 193, 0, 10, '2019-11-14 17:05:51'),
(1073, 24, 2, 194, 0, 10, '2019-11-14 17:05:51'),
(1074, 24, 2, 195, 1, 30, '2019-11-14 17:05:51'),
(1075, 24, 2, 190, 1, 30, '2019-11-14 17:05:51');
INSERT INTO `topic_sensory_sensors_score` (`id`, `user_topics_id`, `approach`, `sensor_words_id`, `score`, `score_large_scale`, `reg_date`) VALUES
(1076, 24, 2, 191, 0, 10, '2019-11-14 17:05:51'),
(1077, 24, 2, 192, 0, 10, '2019-11-14 17:05:51'),
(1078, 24, 2, 187, 0, 10, '2019-11-14 17:05:51'),
(1079, 24, 2, 188, 0, 10, '2019-11-14 17:05:51'),
(1080, 24, 2, 189, 0, 10, '2019-11-14 17:05:51'),
(1081, 25, 1, 250, 3, 50, '2019-11-14 17:13:44'),
(1082, 25, 1, 251, 1, 30, '2019-11-14 17:13:44'),
(1083, 25, 1, 252, 3, 50, '2019-11-14 17:13:44'),
(1084, 25, 1, 247, 1, 30, '2019-11-14 17:13:44'),
(1085, 25, 1, 248, 1, 30, '2019-11-14 17:13:44'),
(1086, 25, 1, 249, 1, 30, '2019-11-14 17:13:44'),
(1087, 25, 1, 244, 3, 50, '2019-11-14 17:13:44'),
(1088, 25, 1, 245, 0, 10, '2019-11-14 17:13:44'),
(1089, 25, 1, 246, 1, 30, '2019-11-14 17:13:44'),
(1090, 25, 1, 241, 1, 30, '2019-11-14 17:13:44'),
(1091, 25, 1, 242, 0, 10, '2019-11-14 17:13:44'),
(1092, 25, 1, 243, 0, 10, '2019-11-14 17:13:44'),
(1093, 25, 1, 238, 0, 10, '2019-11-14 17:13:44'),
(1094, 25, 1, 239, 0, 10, '2019-11-14 17:13:44'),
(1095, 25, 1, 240, 1, 30, '2019-11-14 17:13:44'),
(1096, 25, 1, 235, 3, 50, '2019-11-14 17:13:44'),
(1097, 25, 1, 236, 5, 70, '2019-11-14 17:13:44'),
(1098, 25, 1, 237, 5, 70, '2019-11-14 17:13:44'),
(1099, 25, 1, 232, 5, 70, '2019-11-14 17:13:44'),
(1100, 25, 1, 233, 1, 30, '2019-11-14 17:13:44'),
(1101, 25, 1, 234, 0, 10, '2019-11-14 17:13:44'),
(1102, 25, 1, 229, 0, 10, '2019-11-14 17:13:44'),
(1103, 25, 1, 230, 0, 10, '2019-11-14 17:13:44'),
(1104, 25, 1, 231, 0, 10, '2019-11-14 17:13:44'),
(1105, 25, 1, 226, 3, 50, '2019-11-14 17:13:44'),
(1106, 25, 1, 227, 5, 70, '2019-11-14 17:13:44'),
(1107, 25, 1, 228, 0, 10, '2019-11-14 17:13:44'),
(1108, 25, 1, 223, 0, 10, '2019-11-14 17:13:44'),
(1109, 25, 1, 224, 0, 10, '2019-11-14 17:13:44'),
(1110, 25, 1, 225, 0, 10, '2019-11-14 17:13:44'),
(1111, 25, 2, 250, 1, 30, '2019-11-14 17:17:04'),
(1112, 25, 2, 251, 0, 10, '2019-11-14 17:17:04'),
(1113, 25, 2, 252, 1, 30, '2019-11-14 17:17:04'),
(1114, 25, 2, 247, 5, 70, '2019-11-14 17:17:04'),
(1115, 25, 2, 248, 5, 70, '2019-11-14 17:17:04'),
(1116, 25, 2, 249, 5, 70, '2019-11-14 17:17:04'),
(1117, 25, 2, 244, 1, 30, '2019-11-14 17:17:04'),
(1118, 25, 2, 245, 1, 30, '2019-11-14 17:17:04'),
(1119, 25, 2, 246, 1, 30, '2019-11-14 17:17:04'),
(1120, 25, 2, 241, 5, 70, '2019-11-14 17:17:04'),
(1121, 25, 2, 242, 1, 30, '2019-11-14 17:17:04'),
(1122, 25, 2, 243, 3, 50, '2019-11-14 17:17:04'),
(1123, 25, 2, 238, 3, 50, '2019-11-14 17:17:04'),
(1124, 25, 2, 239, 3, 50, '2019-11-14 17:17:04'),
(1125, 25, 2, 240, 3, 50, '2019-11-14 17:17:04'),
(1126, 25, 2, 235, 3, 50, '2019-11-14 17:17:04'),
(1127, 25, 2, 236, 3, 50, '2019-11-14 17:17:04'),
(1128, 25, 2, 237, 3, 50, '2019-11-14 17:17:04'),
(1129, 25, 2, 232, 3, 50, '2019-11-14 17:17:04'),
(1130, 25, 2, 233, 3, 50, '2019-11-14 17:17:04'),
(1131, 25, 2, 234, 3, 50, '2019-11-14 17:17:04'),
(1132, 25, 2, 229, 1, 30, '2019-11-14 17:17:04'),
(1133, 25, 2, 230, 3, 50, '2019-11-14 17:17:04'),
(1134, 25, 2, 231, 1, 30, '2019-11-14 17:17:04'),
(1135, 25, 2, 226, 1, 30, '2019-11-14 17:17:04'),
(1136, 25, 2, 227, 1, 30, '2019-11-14 17:17:04'),
(1137, 25, 2, 228, 0, 10, '2019-11-14 17:17:04'),
(1138, 25, 2, 223, 1, 30, '2019-11-14 17:17:04'),
(1139, 25, 2, 224, 1, 30, '2019-11-14 17:17:04'),
(1140, 25, 2, 225, 1, 30, '2019-11-14 17:17:04'),
(1141, 26, 1, 214, 0, 10, '2019-11-19 11:55:04'),
(1142, 26, 1, 215, 0, 10, '2019-11-19 11:55:04'),
(1143, 26, 1, 216, 0, 10, '2019-11-19 11:55:04'),
(1144, 26, 1, 211, 3, 50, '2019-11-19 11:55:04'),
(1145, 26, 1, 212, 0, 10, '2019-11-19 11:55:04'),
(1146, 26, 1, 213, 1, 30, '2019-11-19 11:55:04'),
(1147, 26, 1, 208, 0, 10, '2019-11-19 11:55:04'),
(1148, 26, 1, 209, 0, 10, '2019-11-19 11:55:04'),
(1149, 26, 1, 210, 0, 10, '2019-11-19 11:55:04'),
(1150, 26, 1, 205, 3, 50, '2019-11-19 11:55:04'),
(1151, 26, 1, 206, 3, 50, '2019-11-19 11:55:04'),
(1152, 26, 1, 207, 3, 50, '2019-11-19 11:55:04'),
(1153, 26, 1, 202, 0, 10, '2019-11-19 11:55:04'),
(1154, 26, 1, 203, 0, 10, '2019-11-19 11:55:04'),
(1155, 26, 1, 204, 0, 10, '2019-11-19 11:55:04'),
(1156, 26, 1, 199, 1, 30, '2019-11-19 11:55:04'),
(1157, 26, 1, 200, 3, 50, '2019-11-19 11:55:04'),
(1158, 26, 1, 201, 1, 30, '2019-11-19 11:55:04'),
(1159, 26, 1, 196, 0, 10, '2019-11-19 11:55:04'),
(1160, 26, 1, 197, 0, 10, '2019-11-19 11:55:04'),
(1161, 26, 1, 198, 0, 10, '2019-11-19 11:55:04'),
(1162, 26, 1, 193, 3, 50, '2019-11-19 11:55:04'),
(1163, 26, 1, 194, 3, 50, '2019-11-19 11:55:04'),
(1164, 26, 1, 195, 3, 50, '2019-11-19 11:55:04'),
(1165, 26, 1, 190, 0, 10, '2019-11-19 11:55:04'),
(1166, 26, 1, 191, 0, 10, '2019-11-19 11:55:04'),
(1167, 26, 1, 192, 0, 10, '2019-11-19 11:55:04'),
(1168, 26, 1, 187, 1, 30, '2019-11-19 11:55:04'),
(1169, 26, 1, 188, 1, 30, '2019-11-19 11:55:04'),
(1170, 26, 1, 189, 1, 30, '2019-11-19 11:55:04'),
(1171, 26, 2, 214, 1, 30, '2019-11-19 11:57:03'),
(1172, 26, 2, 215, 1, 30, '2019-11-19 11:57:03'),
(1173, 26, 2, 216, 3, 50, '2019-11-19 11:57:03'),
(1174, 26, 2, 211, 0, 10, '2019-11-19 11:57:03'),
(1175, 26, 2, 212, 0, 10, '2019-11-19 11:57:03'),
(1176, 26, 2, 213, 0, 10, '2019-11-19 11:57:03'),
(1177, 26, 2, 208, 1, 30, '2019-11-19 11:57:03'),
(1178, 26, 2, 209, 1, 30, '2019-11-19 11:57:03'),
(1179, 26, 2, 210, 1, 30, '2019-11-19 11:57:03'),
(1180, 26, 2, 205, 0, 10, '2019-11-19 11:57:03'),
(1181, 26, 2, 206, 0, 10, '2019-11-19 11:57:03'),
(1182, 26, 2, 207, 0, 10, '2019-11-19 11:57:03'),
(1183, 26, 2, 202, 3, 50, '2019-11-19 11:57:03'),
(1184, 26, 2, 203, 3, 50, '2019-11-19 11:57:03'),
(1185, 26, 2, 204, 3, 50, '2019-11-19 11:57:03'),
(1186, 26, 2, 199, 0, 10, '2019-11-19 11:57:03'),
(1187, 26, 2, 200, 0, 10, '2019-11-19 11:57:03'),
(1188, 26, 2, 201, 0, 10, '2019-11-19 11:57:03'),
(1189, 26, 2, 196, 1, 30, '2019-11-19 11:57:03'),
(1190, 26, 2, 197, 1, 30, '2019-11-19 11:57:03'),
(1191, 26, 2, 198, 1, 30, '2019-11-19 11:57:03'),
(1192, 26, 2, 193, 0, 10, '2019-11-19 11:57:03'),
(1193, 26, 2, 194, 0, 10, '2019-11-19 11:57:03'),
(1194, 26, 2, 195, 0, 10, '2019-11-19 11:57:03'),
(1195, 26, 2, 190, 3, 50, '2019-11-19 11:57:03'),
(1196, 26, 2, 191, 3, 50, '2019-11-19 11:57:03'),
(1197, 26, 2, 192, 3, 50, '2019-11-19 11:57:03'),
(1198, 26, 2, 187, 0, 10, '2019-11-19 11:57:03'),
(1199, 26, 2, 188, 0, 10, '2019-11-19 11:57:03'),
(1200, 26, 2, 189, 0, 10, '2019-11-19 11:57:03'),
(1201, 27, 1, 214, 0, 10, '2019-11-19 20:00:42'),
(1202, 27, 1, 215, 0, 10, '2019-11-19 20:00:42'),
(1203, 27, 1, 216, 0, 10, '2019-11-19 20:00:42'),
(1204, 27, 1, 211, 5, 70, '2019-11-19 20:00:42'),
(1205, 27, 1, 212, 5, 70, '2019-11-19 20:00:42'),
(1206, 27, 1, 213, 5, 70, '2019-11-19 20:00:42'),
(1207, 27, 1, 208, 1, 30, '2019-11-19 20:00:42'),
(1208, 27, 1, 209, 0, 10, '2019-11-19 20:00:42'),
(1209, 27, 1, 210, 0, 10, '2019-11-19 20:00:42'),
(1210, 27, 1, 205, 5, 70, '2019-11-19 20:00:42'),
(1211, 27, 1, 206, 5, 70, '2019-11-19 20:00:42'),
(1212, 27, 1, 207, 3, 50, '2019-11-19 20:00:42'),
(1213, 27, 1, 202, 0, 10, '2019-11-19 20:04:08'),
(1214, 27, 1, 203, 0, 10, '2019-11-19 20:04:08'),
(1215, 27, 1, 204, 0, 10, '2019-11-19 20:04:08'),
(1216, 27, 1, 199, 5, 70, '2019-11-19 20:04:08'),
(1217, 27, 1, 200, 5, 70, '2019-11-19 20:04:08'),
(1218, 27, 1, 201, 5, 70, '2019-11-19 20:04:08'),
(1219, 27, 1, 196, 0, 10, '2019-11-19 20:04:08'),
(1220, 27, 1, 197, 0, 10, '2019-11-19 20:04:08'),
(1221, 27, 1, 198, 1, 30, '2019-11-19 20:04:08'),
(1222, 27, 1, 193, 5, 70, '2019-11-19 20:04:08'),
(1223, 27, 1, 194, 5, 70, '2019-11-19 20:04:08'),
(1224, 27, 1, 195, 5, 70, '2019-11-19 20:04:08'),
(1225, 27, 1, 190, 0, 10, '2019-11-19 20:04:08'),
(1226, 27, 1, 191, 0, 10, '2019-11-19 20:04:08'),
(1227, 27, 1, 192, 0, 10, '2019-11-19 20:04:08'),
(1228, 27, 1, 187, 5, 70, '2019-11-19 20:04:08'),
(1229, 27, 1, 188, 5, 70, '2019-11-19 20:04:08'),
(1230, 27, 1, 189, 5, 70, '2019-11-19 20:04:08'),
(1231, 27, 2, 214, 5, 70, '2019-11-19 20:07:01'),
(1232, 27, 2, 215, 5, 70, '2019-11-19 20:07:01'),
(1233, 27, 2, 216, 5, 70, '2019-11-19 20:07:01'),
(1234, 27, 2, 211, 0, 10, '2019-11-19 20:07:01'),
(1235, 27, 2, 212, 0, 10, '2019-11-19 20:07:01'),
(1236, 27, 2, 213, 0, 10, '2019-11-19 20:07:01'),
(1237, 27, 2, 208, 5, 70, '2019-11-19 20:07:01'),
(1238, 27, 2, 209, 5, 70, '2019-11-19 20:07:01'),
(1239, 27, 2, 210, 5, 70, '2019-11-19 20:07:01'),
(1240, 27, 2, 205, 0, 10, '2019-11-19 20:07:01'),
(1241, 27, 2, 206, 0, 10, '2019-11-19 20:07:01'),
(1242, 27, 2, 207, 0, 10, '2019-11-19 20:07:01'),
(1243, 27, 2, 202, 5, 70, '2019-11-19 20:07:01'),
(1244, 27, 2, 203, 5, 70, '2019-11-19 20:07:01'),
(1245, 27, 2, 204, 5, 70, '2019-11-19 20:07:01'),
(1246, 27, 2, 199, 0, 10, '2019-11-19 20:07:01'),
(1247, 27, 2, 200, 0, 10, '2019-11-19 20:07:01'),
(1248, 27, 2, 201, 0, 10, '2019-11-19 20:07:01'),
(1249, 27, 2, 196, 5, 70, '2019-11-19 20:07:01'),
(1250, 27, 2, 197, 5, 70, '2019-11-19 20:07:01'),
(1251, 27, 2, 198, 5, 70, '2019-11-19 20:07:01'),
(1252, 27, 2, 193, 0, 10, '2019-11-19 20:07:01'),
(1253, 27, 2, 194, 0, 10, '2019-11-19 20:07:01'),
(1254, 27, 2, 195, 1, 30, '2019-11-19 20:07:01'),
(1255, 27, 2, 190, 5, 70, '2019-11-19 20:07:01'),
(1256, 27, 2, 191, 5, 70, '2019-11-19 20:07:01'),
(1257, 27, 2, 192, 5, 70, '2019-11-19 20:07:01'),
(1258, 27, 2, 187, 0, 10, '2019-11-19 20:07:01'),
(1259, 27, 2, 188, 1, 30, '2019-11-19 20:07:01'),
(1260, 27, 2, 189, 0, 10, '2019-11-19 20:07:01'),
(1261, 29, 1, 223, 3, 50, '2019-11-23 21:46:54'),
(1262, 29, 1, 224, 3, 50, '2019-11-23 21:46:54'),
(1263, 29, 1, 225, 5, 69, '2019-11-23 21:46:54'),
(1264, 29, 1, 226, 0, 0, '2019-11-23 21:46:54'),
(1265, 29, 1, 227, 0, 0, '2019-11-23 21:46:54'),
(1266, 29, 1, 228, 0, 0, '2019-11-23 21:46:54'),
(1267, 29, 1, 229, 0, 0, '2019-11-23 21:46:54'),
(1268, 29, 1, 230, 0, 0, '2019-11-23 21:46:54'),
(1269, 29, 1, 231, 0, 0, '2019-11-23 21:46:54'),
(1270, 29, 1, 232, 0, 0, '2019-11-23 21:46:54'),
(1271, 29, 1, 233, 0, 0, '2019-11-23 21:46:54'),
(1272, 29, 1, 234, 0, 0, '2019-11-23 21:46:54'),
(1273, 29, 1, 235, 0, 0, '2019-11-23 21:46:54'),
(1274, 29, 1, 236, 0, 0, '2019-11-23 21:46:54'),
(1275, 29, 1, 237, 0, 0, '2019-11-23 21:46:54'),
(1276, 29, 1, 238, 0, 0, '2019-11-23 21:46:54'),
(1277, 29, 1, 239, 0, 0, '2019-11-23 21:46:54'),
(1278, 29, 1, 240, 0, 0, '2019-11-23 21:46:54'),
(1279, 29, 1, 241, 0, 0, '2019-11-23 21:46:54'),
(1280, 29, 1, 242, 0, 0, '2019-11-23 21:46:54'),
(1281, 29, 1, 243, 0, 0, '2019-11-23 21:46:54'),
(1282, 29, 1, 244, 0, 0, '2019-11-23 21:46:54'),
(1283, 29, 1, 245, 0, 0, '2019-11-23 21:46:54'),
(1284, 29, 1, 246, 0, 0, '2019-11-23 21:46:54'),
(1285, 29, 1, 247, 0, 0, '2019-11-23 21:46:54'),
(1286, 29, 1, 248, 0, 0, '2019-11-23 21:46:54'),
(1287, 29, 1, 249, 0, 0, '2019-11-23 21:46:54'),
(1288, 29, 1, 250, 0, 0, '2019-11-23 21:46:54'),
(1289, 29, 1, 251, 0, 0, '2019-11-23 21:46:54'),
(1290, 29, 1, 252, 0, 0, '2019-11-23 21:46:54'),
(1291, 29, 2, 223, 5, 0, '2019-11-23 21:49:01'),
(1292, 29, 2, 224, 5, 0, '2019-11-23 21:49:01'),
(1293, 29, 2, 225, 5, 0, '2019-11-23 21:49:01'),
(1294, 29, 2, 226, 1, 0, '2019-11-23 21:49:01'),
(1295, 29, 2, 227, 1, 0, '2019-11-23 21:49:01'),
(1296, 29, 2, 228, 1, 0, '2019-11-23 21:49:01'),
(1297, 29, 2, 229, 5, 0, '2019-11-23 21:49:01'),
(1298, 29, 2, 230, 5, 0, '2019-11-23 21:49:01'),
(1299, 29, 2, 231, 5, 0, '2019-11-23 21:49:01'),
(1300, 29, 2, 232, 1, 0, '2019-11-23 21:49:01'),
(1301, 29, 2, 233, 1, 0, '2019-11-23 21:49:01'),
(1302, 29, 2, 234, 1, 0, '2019-11-23 21:49:01'),
(1303, 29, 2, 235, 5, 0, '2019-11-23 21:49:01'),
(1304, 29, 2, 236, 5, 0, '2019-11-23 21:49:01'),
(1305, 29, 2, 237, 5, 0, '2019-11-23 21:49:01'),
(1306, 29, 2, 238, 1, 0, '2019-11-23 21:49:01'),
(1307, 29, 2, 239, 1, 0, '2019-11-23 21:49:01'),
(1308, 29, 2, 240, 1, 0, '2019-11-23 21:49:01'),
(1309, 29, 2, 241, 5, 0, '2019-11-23 21:49:01'),
(1310, 29, 2, 242, 5, 0, '2019-11-23 21:49:01'),
(1311, 29, 2, 243, 5, 0, '2019-11-23 21:49:01'),
(1312, 29, 2, 244, 1, 0, '2019-11-23 21:49:01'),
(1313, 29, 2, 245, 1, 0, '2019-11-23 21:49:01'),
(1314, 29, 2, 246, 1, 0, '2019-11-23 21:49:01'),
(1315, 29, 2, 247, 5, 0, '2019-11-23 21:49:01'),
(1316, 29, 2, 248, 5, 0, '2019-11-23 21:49:01'),
(1317, 29, 2, 249, 5, 0, '2019-11-23 21:49:01'),
(1318, 29, 2, 250, 1, 0, '2019-11-23 21:49:01'),
(1319, 29, 2, 251, 1, 0, '2019-11-23 21:49:01'),
(1320, 29, 2, 252, 1, 0, '2019-11-23 21:49:01'),
(1321, 31, 1, 187, 1, 0, '2019-11-24 15:13:56'),
(1322, 31, 1, 188, 1, 0, '2019-11-24 15:13:56'),
(1323, 31, 1, 189, 0, 0, '2019-11-24 15:13:56'),
(1324, 31, 1, 190, 7, 0, '2019-11-24 15:13:56'),
(1325, 31, 1, 191, 11, 0, '2019-11-24 15:13:56'),
(1326, 31, 1, 192, 7, 0, '2019-11-24 15:13:56'),
(1327, 31, 1, 193, 0, 0, '2019-11-24 15:13:56'),
(1328, 31, 1, 194, 0, 0, '2019-11-24 15:13:56'),
(1329, 31, 1, 195, 0, 0, '2019-11-24 15:13:56'),
(1330, 31, 1, 196, 3, 0, '2019-11-24 15:13:56'),
(1331, 31, 1, 197, 7, 0, '2019-11-24 15:13:56'),
(1332, 31, 1, 198, 1, 0, '2019-11-24 15:13:56'),
(1333, 31, 1, 199, 0, 0, '2019-11-24 15:13:56'),
(1334, 31, 1, 200, 3, 0, '2019-11-24 15:13:56'),
(1335, 31, 1, 202, 7, 0, '2019-11-24 15:13:56'),
(1336, 31, 1, 203, 1, 0, '2019-11-24 15:13:56'),
(1337, 31, 1, 204, 3, 0, '2019-11-24 15:13:56'),
(1338, 31, 1, 205, 0, 0, '2019-11-24 15:13:56'),
(1339, 31, 1, 206, 5, 0, '2019-11-24 15:13:56'),
(1340, 31, 1, 207, 5, 0, '2019-11-24 15:13:56'),
(1341, 31, 1, 208, 0, 0, '2019-11-24 15:13:56'),
(1342, 31, 1, 209, 0, 0, '2019-11-24 15:13:56'),
(1343, 31, 1, 210, 0, 0, '2019-11-24 15:13:56'),
(1344, 31, 1, 211, 3, 0, '2019-11-24 15:13:56'),
(1345, 31, 1, 212, 3, 0, '2019-11-24 15:13:56'),
(1346, 31, 1, 213, 0, 0, '2019-11-24 15:13:56'),
(1347, 31, 1, 214, 0, 0, '2019-11-24 15:13:56'),
(1348, 31, 1, 215, 0, 0, '2019-11-24 15:13:56'),
(1349, 31, 1, 216, 0, 0, '2019-11-24 15:13:56'),
(1350, 31, 2, 187, 7, 0, '2019-11-24 15:21:14'),
(1351, 31, 2, 188, 7, 0, '2019-11-24 15:21:14'),
(1352, 31, 2, 189, 0, 0, '2019-11-24 15:21:14'),
(1353, 31, 2, 190, 0, 0, '2019-11-24 15:21:14'),
(1354, 31, 2, 191, 0, 0, '2019-11-24 15:21:14'),
(1355, 31, 2, 192, 0, 0, '2019-11-24 15:21:14'),
(1356, 31, 2, 193, 7, 0, '2019-11-24 15:21:14'),
(1357, 31, 2, 194, 1, 0, '2019-11-24 15:21:14'),
(1358, 31, 2, 195, 3, 0, '2019-11-24 15:21:14'),
(1359, 31, 2, 196, 3, 0, '2019-11-24 15:21:14'),
(1360, 31, 2, 197, 0, 0, '2019-11-24 15:21:14'),
(1361, 31, 2, 198, 1, 0, '2019-11-24 15:21:14'),
(1362, 31, 2, 199, 7, 0, '2019-11-24 15:21:14'),
(1363, 31, 2, 200, 3, 0, '2019-11-24 15:21:14'),
(1364, 31, 2, 201, 1, 0, '2019-11-24 15:21:14'),
(1365, 31, 2, 202, 0, 0, '2019-11-24 15:21:14'),
(1366, 31, 2, 203, 0, 0, '2019-11-24 15:21:14'),
(1367, 31, 2, 204, 0, 0, '2019-11-24 15:21:14'),
(1368, 31, 2, 205, 0, 0, '2019-11-24 15:21:14'),
(1369, 31, 2, 206, 0, 0, '2019-11-24 15:21:14'),
(1370, 31, 2, 207, 0, 0, '2019-11-24 15:21:14'),
(1371, 31, 2, 208, 0, 0, '2019-11-24 15:21:14'),
(1372, 31, 2, 209, 5, 0, '2019-11-24 15:21:14'),
(1373, 31, 2, 210, 1, 0, '2019-11-24 15:21:14'),
(1374, 31, 2, 211, 0, 0, '2019-11-24 15:21:14'),
(1375, 31, 2, 212, 0, 0, '2019-11-24 15:21:14'),
(1376, 31, 2, 213, 0, 0, '2019-11-24 15:21:14'),
(1377, 31, 2, 214, 3, 0, '2019-11-24 15:21:14'),
(1378, 31, 2, 215, 1, 0, '2019-11-24 15:21:14'),
(1379, 31, 2, 216, 0, 0, '2019-11-24 15:21:14'),
(1380, 31, 1, 201, 1, 0, '2019-11-24 15:22:57'),
(1381, 30, 1, 187, 3, 0, '2019-11-24 15:23:04'),
(1382, 30, 1, 188, 1, 0, '2019-11-24 15:23:04'),
(1383, 30, 1, 189, 0, 0, '2019-11-24 15:23:04'),
(1384, 30, 1, 190, 0, 0, '2019-11-24 15:23:04'),
(1385, 30, 1, 191, 0, 0, '2019-11-24 15:23:04'),
(1386, 30, 1, 192, 1, 0, '2019-11-24 15:23:04'),
(1387, 30, 1, 193, 3, 0, '2019-11-24 15:23:04'),
(1388, 30, 1, 194, 1, 0, '2019-11-24 15:23:04'),
(1389, 30, 1, 195, 3, 0, '2019-11-24 15:23:04'),
(1390, 30, 1, 196, 1, 0, '2019-11-24 15:23:04'),
(1391, 30, 1, 197, 3, 0, '2019-11-24 15:23:04'),
(1392, 30, 1, 198, 1, 0, '2019-11-24 15:23:04'),
(1393, 30, 1, 199, 3, 0, '2019-11-24 15:23:04'),
(1394, 30, 1, 200, 5, 0, '2019-11-24 15:23:04'),
(1395, 30, 1, 201, 5, 0, '2019-11-24 15:23:04'),
(1396, 30, 1, 202, 1, 0, '2019-11-24 15:23:04'),
(1397, 30, 1, 203, 1, 0, '2019-11-24 15:23:04'),
(1398, 30, 1, 204, 1, 0, '2019-11-24 15:23:04'),
(1399, 30, 1, 205, 11, 0, '2019-11-24 15:23:04'),
(1400, 30, 1, 206, 11, 0, '2019-11-24 15:23:04'),
(1401, 30, 1, 207, 7, 0, '2019-11-24 15:23:04'),
(1402, 30, 1, 208, 5, 0, '2019-11-24 15:23:04'),
(1403, 30, 1, 209, 3, 0, '2019-11-24 15:23:04'),
(1404, 30, 1, 210, 1, 0, '2019-11-24 15:23:04'),
(1405, 30, 1, 211, 1, 0, '2019-11-24 15:23:04'),
(1406, 30, 1, 212, 7, 0, '2019-11-24 15:23:04'),
(1407, 30, 1, 213, 5, 0, '2019-11-24 15:23:04'),
(1408, 30, 1, 214, 0, 0, '2019-11-24 15:23:04'),
(1409, 30, 1, 215, 1, 0, '2019-11-24 15:23:04'),
(1410, 30, 1, 216, 5, 0, '2019-11-24 15:23:04'),
(1411, 32, 1, 187, 5, 51, '2019-11-30 00:01:11'),
(1412, 32, 1, 188, 7, 75, '2019-11-30 00:01:11'),
(1413, 32, 1, 189, 7, 90, '2019-11-30 00:01:11'),
(1414, 32, 1, 190, 1, 20, '2019-11-30 00:01:11'),
(1415, 32, 1, 191, 5, 61, '2019-11-30 00:01:11'),
(1416, 32, 1, 192, 1, 22, '2019-11-30 00:01:11'),
(1417, 32, 1, 193, 1, 21, '2019-11-30 00:01:11'),
(1418, 32, 1, 194, 3, 40, '2019-11-30 00:01:11'),
(1419, 32, 1, 195, 0, 0, '2019-11-30 00:01:11'),
(1420, 32, 1, 196, 0, 0, '2019-11-30 00:01:11'),
(1421, 32, 1, 197, 0, 0, '2019-11-30 00:01:11'),
(1422, 32, 1, 198, 0, 0, '2019-11-30 00:01:11'),
(1423, 32, 1, 199, 0, 0, '2019-11-30 00:01:11'),
(1424, 32, 1, 200, 0, 0, '2019-11-30 00:01:11'),
(1425, 32, 1, 201, 0, 0, '2019-11-30 00:01:11'),
(1426, 32, 1, 202, 0, 0, '2019-11-30 00:01:11'),
(1427, 32, 1, 203, 0, 0, '2019-11-30 00:01:11'),
(1428, 32, 1, 204, 0, 0, '2019-11-30 00:01:11'),
(1429, 32, 1, 205, 0, 0, '2019-11-30 00:01:11'),
(1430, 32, 1, 206, 0, 0, '2019-11-30 00:01:11'),
(1431, 32, 1, 207, 0, 0, '2019-11-30 00:01:11'),
(1432, 32, 1, 208, 0, 0, '2019-11-30 00:01:11'),
(1433, 32, 1, 209, 0, 0, '2019-11-30 00:01:11'),
(1434, 32, 1, 210, 0, 0, '2019-11-30 00:01:11'),
(1435, 32, 1, 211, 0, 0, '2019-11-30 00:01:11'),
(1436, 32, 1, 212, 0, 0, '2019-11-30 00:01:11'),
(1437, 32, 1, 213, 0, 0, '2019-11-30 00:01:11'),
(1438, 32, 1, 214, 0, 0, '2019-11-30 00:01:11'),
(1439, 32, 1, 215, 0, 0, '2019-11-30 00:01:11'),
(1440, 32, 1, 216, 0, 0, '2019-11-30 00:01:11');

-- --------------------------------------------------------

--
-- Table structure for table `topic_type_class`
--

CREATE TABLE `topic_type_class` (
  `id` int(2) NOT NULL,
  `title` varchar(50) COLLATE utf8_persian_ci NOT NULL,
  `class_type` int(1) DEFAULT NULL COMMENT 'یک = فعالیت، دو = رابطه',
  `reg_date` timestamp NOT NULL DEFAULT current_timestamp(),
  `description` varchar(100) COLLATE utf8_persian_ci NOT NULL
) ENGINE=InnoDB DEFAULT CHARSET=utf8 COLLATE=utf8_persian_ci;

--
-- Dumping data for table `topic_type_class`
--

INSERT INTO `topic_type_class` (`id`, `title`, `class_type`, `reg_date`, `description`) VALUES
(0, 'بدون مقدار', NULL, '2019-11-29 22:06:53', ''),
(1, 'فعالیت مرتبط با رشد شخصی', 1, '2019-11-01 07:35:09', ''),
(2, 'فعالیت مرتبط با خانواده', 1, '2019-11-01 07:35:09', ''),
(3, 'فعالیت مرتبط با عشق و رابطه جنسی', 1, '2019-11-01 07:39:14', ''),
(4, 'فعالیت مرتبط با تحصیل، تخصص و یادگیری', 1, '2019-11-01 07:39:14', ''),
(5, 'فعالیت مرتبط با کار و درآمد', 1, '2019-11-01 07:39:56', ''),
(6, 'فعالیت مرتبط با وضع ظاهر و سلامتی', 1, '2019-11-01 07:39:56', ''),
(7, 'فعالیت مرتبط با سرگرمی، تفریح، اوقات فراغت', 1, '2019-11-01 07:40:47', ''),
(8, 'رابطه خانوادگی', 2, '2019-11-01 07:40:47', ''),
(9, 'رابطه زناشویی', 2, '2019-11-01 07:42:26', ''),
(10, 'رابطه دوستانه', 2, '2019-11-01 07:42:26', ''),
(11, 'رابطه کاری', 2, '2019-11-01 07:42:55', ''),
(12, 'رابطه مرتبط با محیط های آموزشی، ورزشی، فرهنگی، هنر', 2, '2019-11-01 07:42:55', ''),
(13, 'سایر', 2, '2019-11-06 01:32:54', ''),
(15, 'سایر', 1, '2019-11-07 07:32:43', '');

-- --------------------------------------------------------

--
-- Table structure for table `users`
--

CREATE TABLE `users` (
  `id` int(5) NOT NULL,
  `fname` varchar(50) COLLATE utf8_persian_ci DEFAULT NULL,
  `lname` varchar(50) COLLATE utf8_persian_ci DEFAULT NULL,
  `email` varchar(50) COLLATE utf8_persian_ci NOT NULL,
  `mobile` varchar(11) COLLATE utf8_persian_ci NOT NULL,
  `password` varchar(255) COLLATE utf8_persian_ci NOT NULL,
  `age` int(3) NOT NULL,
  `gender_status` int(1) NOT NULL COMMENT 'صفر = زن، یک=مرد',
  `married_status` int(1) NOT NULL COMMENT 'صفر=مجرد، یک= متاهل',
  `education_section` int(1) NOT NULL COMMENT 'یک=دیپلم، دو=لیسانس، سه=فوق لیسانس، چهار=دکترا',
  `province_id` int(3) NOT NULL,
  `country_id` int(3) DEFAULT NULL,
  `city_name` varchar(100) COLLATE utf8_persian_ci DEFAULT NULL,
  `user_privileges_id` int(1) NOT NULL DEFAULT 2,
  `status` int(1) NOT NULL DEFAULT 1,
  `reg_date` timestamp NOT NULL DEFAULT current_timestamp()
) ENGINE=InnoDB DEFAULT CHARSET=utf8 COLLATE=utf8_persian_ci COMMENT='کاربران';

--
-- Dumping data for table `users`
--

INSERT INTO `users` (`id`, `fname`, `lname`, `email`, `mobile`, `password`, `age`, `gender_status`, `married_status`, `education_section`, `province_id`, `country_id`, `city_name`, `user_privileges_id`, `status`, `reg_date`) VALUES
(3, 'fatemeh', 'heydarlou', 'fheydarlou@tavanir.org.ir', '09125542881', 'd0970714757783e6cf17b26fb8e2298f', 36, 1, 1, 2, 8, NULL, '', 1, 1, '2019-09-26 17:28:04'),
(4, 'تست', 'تستی', 'fheydarlou@gmail.com', '09122575969', 'c33367701511b4f6020ec61ded352059', 25, 0, 0, 4, 8, NULL, 'تهران', 2, 1, '2019-11-06 18:19:14'),
(5, 'خشایار', 'محبی', 'kmohebi@gmail.com', '09123064505', 'e10adc3949ba59abbe56e057f20f883e', 46, 1, 1, 3, 8, NULL, 'تهران', 1, 1, '2019-11-06 19:18:05'),
(6, 'علی', 'اشرفی', 'aliashrafi13591359@gmail.com', '09391004504', '3861a60523ef89a017be166c5b325409', 39, 0, 0, 5, 8, NULL, 'تهران', 2, 1, '2019-11-07 14:25:21'),
(9, 'Maryam', 'Mohseni', 'm.mohseni_h@yahoo.com', '09123473677', '16a3f0e1a410bfcba58696fa70368e66', 0, 0, 1, 4, 8, NULL, 'تهران', 2, 1, '2019-11-07 14:30:49'),
(10, 'Soheil', 'Saghafi', 'soheil4s@gmail.com', '09122106311', '3ee5fa79dc40e9e54410e405fea8015a', 47, 1, 1, 5, 8, NULL, 'Tehran', 2, 1, '2019-11-07 16:12:06'),
(11, 'ali', 'rezazadeh ', 'aban.company@gmail.com', '09126006030', '963a11dcb1f32904fa0e9f998db5c17c', 43, 1, 1, 3, 8, NULL, 'تهران', 2, 1, '2019-11-07 16:18:25'),
(12, 'افسانه', 'صیدی', 'afsane.seydi@gmail.com', '09122062538', '29762aa3a8aa75509ac0b4ba534d8288', 0, 0, 1, 4, 8, NULL, 'تهران', 2, 1, '2019-11-07 17:46:29'),
(13, 'زینب', 'داغری', 'zeinabdaghari@gmail.com', '09120926330', 'b3b91d48c90a61d418b1be10f014dc14', 0, 0, 1, 4, 8, NULL, 'تهران', 2, 1, '2019-11-07 19:22:15'),
(14, 'مونا', 'پیرایش', 'monapirayesh813@gmail.com', '09125857813', '3f82fdcc568c0a65f0b672f76eeaf043', 37, 0, 1, 3, 5, NULL, 'کرج', 2, 1, '2019-11-07 19:32:14'),
(17, 'امیرمنصور', 'شادی', 'mansour_sh7@yahoo.com', '09121699940', '7b23023461853327a69d10745c50dbe8', 47, 1, 1, 4, 8, NULL, 'کرج', 2, 1, '2019-11-12 13:11:13'),
(18, 'لیلا', 'فرهودی', 'l_farhoudi@yahoo.com', '09126156692', 'fcea920f7412b5da7be0cf42b8c93759', 40, 0, 0, 4, 8, NULL, 'تهران', 2, 1, '2019-11-19 08:16:18'),
(19, 'هویار', 'غفاری', 'hooyargh@yahoo.com', '09124253620', 'e10adc3949ba59abbe56e057f20f883e', 44, 1, 1, 4, 8, NULL, 'تهران', 2, 1, '2019-11-19 16:21:39'),
(21, 'تست', 'تستی', 'test@gmail.com', '09123541672', '4297f44b13955235245b2497399d7a93', 30, 1, 1, 4, 0, 81, NULL, 2, 1, '2019-12-08 19:24:11'),
(22, 'koorosh', 'salimi', 'k.salimi@gmail.com', '09123083495', 'b3b4d2dbedc99fe843fd3dedb02f086f', 44, 1, 1, 5, 5, 103, NULL, 1, 1, '2019-12-10 06:44:27'),
(23, 'مجتبی', 'سخامنش', 'm.sakhamanesh@googlemail.com', '09375320230', '25f9e794323b453885f5181f1b624d0b', 30, 1, 0, 3, 8, 103, NULL, 2, 1, '2019-12-12 08:17:38');

-- --------------------------------------------------------

--
-- Table structure for table `user_privileges`
--

CREATE TABLE `user_privileges` (
  `id` int(1) NOT NULL,
  `title` varchar(50) COLLATE utf8_persian_ci NOT NULL,
  `status` int(1) NOT NULL DEFAULT 1,
  `description` varchar(255) COLLATE utf8_persian_ci DEFAULT NULL,
  `reg_date` timestamp NOT NULL DEFAULT current_timestamp()
) ENGINE=InnoDB DEFAULT CHARSET=utf8 COLLATE=utf8_persian_ci COMMENT='دسترسی های کاربران';

--
-- Dumping data for table `user_privileges`
--

INSERT INTO `user_privileges` (`id`, `title`, `status`, `description`, `reg_date`) VALUES
(1, 'admin', 1, NULL, '2019-09-26 17:25:03'),
(2, 'user', 1, NULL, '2019-09-26 17:25:03');

-- --------------------------------------------------------

--
-- Table structure for table `user_topics`
--

CREATE TABLE `user_topics` (
  `id` int(5) NOT NULL,
  `title` varchar(255) COLLATE utf8_persian_ci NOT NULL,
  `topic_type` int(1) NOT NULL COMMENT 'یک = فعالیت، دو = رابطه',
  `verb_type` int(1) NOT NULL COMMENT 'یک = مثبت، دو = منفی',
  `topic_type_class_id` int(2) DEFAULT 0,
  `save_step` int(2) NOT NULL DEFAULT 0,
  `save_approach` int(1) NOT NULL DEFAULT 1,
  `save_graph` int(1) NOT NULL DEFAULT 0 COMMENT 'یک = باجزئیات، دو = بدون جزئیات',
  `scoring_method` int(1) NOT NULL DEFAULT 1 COMMENT 'یک=معمولی، دو=سریع',
  `users_id` int(5) NOT NULL,
  `reg_date` timestamp NOT NULL DEFAULT current_timestamp()
) ENGINE=InnoDB DEFAULT CHARSET=utf8 COLLATE=utf8_persian_ci COMMENT='موضوعات کاربران';

--
-- Dumping data for table `user_topics`
--

INSERT INTO `user_topics` (`id`, `title`, `topic_type`, `verb_type`, `topic_type_class_id`, `save_step`, `save_approach`, `save_graph`, `scoring_method`, `users_id`, `reg_date`) VALUES
(1, 'تست فعالیت', 1, 1, 5, 1, 1, 1, 1, 4, '2019-11-06 18:20:13'),
(2, 'تست عدم فعالیت', 1, 2, 1, 1, 2, 1, 1, 4, '2019-11-06 18:37:17'),
(3, 'ساخت اپلیکیشن گراف حسی', 1, 1, 5, 0, 1, 1, 1, 5, '2019-11-06 19:25:27'),
(4, 'ورزش کردن', 1, 2, 6, 9, 2, 1, 1, 5, '2019-11-06 20:36:20'),
(5, 'همسر', 2, 1, 9, 8, 2, 1, 1, 5, '2019-11-06 21:36:43'),
(6, 'مهاجرت', 1, 2, 4, 0, 1, 1, 1, 5, '2019-11-07 09:22:50'),
(7, 'مهاجرت (فعل خواستن مهاجرت در آینده)', 1, 1, 4, 0, 1, 1, 1, 5, '2019-11-07 11:23:17'),
(8, 'در رابطه با یه استارتاپ', 1, 2, 5, 0, 1, 1, 1, 9, '2019-11-07 14:37:21'),
(9, 'عمل زیبایی بینی', 1, 2, 6, 0, 1, 0, 1, 6, '2019-11-07 15:30:09'),
(10, 'Myself', 1, 1, 4, 9, 2, 1, 1, 10, '2019-11-07 16:13:27'),
(11, 'كاري', 1, 1, 5, 0, 1, 0, 1, 11, '2019-11-07 16:33:53'),
(12, 'جراحی زیبایی دماغ', 1, 1, 6, 0, 1, 0, 1, 6, '2019-11-07 16:45:40'),
(13, 'My', 1, 1, 1, 0, 1, 0, 1, 10, '2019-11-07 16:47:59'),
(14, 'ورزش کردن', 1, 2, 6, 0, 1, 1, 1, 12, '2019-11-07 17:48:28'),
(15, 'انگور بی‌دانه', 1, 1, 7, 0, 1, 1, 1, 6, '2019-11-07 18:57:51'),
(16, 'من ورزش نمیکنم و سطح سلامتی بدنیم بالانییست دوست دارم ورزش کنماما نمیکنم', 1, 2, 6, 0, 1, 1, 1, 14, '2019-11-07 19:36:44'),
(17, 'ساخت App گراف حسی', 1, 1, 5, 0, 1, 0, 1, 3, '2019-11-08 10:19:53'),
(18, 'رییسم', 2, 1, 11, 0, 1, 1, 1, 13, '2019-11-09 15:17:40'),
(19, 'رابطه', 2, 1, 8, 0, 1, 0, 1, 13, '2019-11-10 19:07:45'),
(20, 'همسر', 2, 1, 8, 0, 1, 0, 1, 5, '2019-11-12 07:34:08'),
(21, 'کارجدید', 1, 1, 5, 0, 1, 1, 1, 17, '2019-11-12 13:14:36'),
(22, 'ادامه تحصیل', 1, 2, 4, 0, 1, 0, 1, 17, '2019-11-12 13:39:48'),
(23, 'شروع کار جدید', 1, 2, 5, 0, 1, 1, 1, 17, '2019-11-14 12:54:30'),
(24, 'تدریس', 1, 1, 1, 0, 1, 1, 1, 17, '2019-11-14 13:28:02'),
(25, 'با آقای ب', 2, 1, 11, 0, 1, 1, 1, 17, '2019-11-14 13:39:16'),
(26, 'تحصیل', 1, 0, 4, 0, 1, 1, 1, 18, '2019-11-19 08:21:52'),
(27, 'ایجاد عادت ورزش کردن', 4, 0, 6, 0, 1, 1, 1, 19, '2019-11-19 16:25:14'),
(28, 'مسواک زدن', 1, 0, 6, 0, 1, 0, 1, 19, '2019-11-23 17:02:14'),
(29, 'رابطه با دخترم', 2, 0, 8, 2, 1, 1, 1, 19, '2019-11-23 18:13:21'),
(30, 'زبان کوروش', 3, 0, 4, 0, 1, 0, 1, 3, '2019-11-24 10:57:28'),
(31, 'ورزش کوروش', 3, 0, 4, 0, 1, 1, 1, 3, '2019-11-24 11:39:29'),
(32, 'تست ترک عادت 980909', 6, 0, 0, 3, 1, 0, 1, 3, '2019-11-29 20:30:54'),
(33, 'اوکی', 1, 0, 1, 0, 1, 0, 1, 22, '2019-12-10 08:09:41'),
(34, 'تست', 4, 0, 0, 0, 1, 1, 2, 3, '2019-12-20 16:33:35');

-- --------------------------------------------------------

--
-- Table structure for table `web_config`
--

CREATE TABLE `web_config` (
  `id` int(11) NOT NULL,
  `config` varchar(30) DEFAULT NULL,
  `value` varchar(30) DEFAULT NULL,
  `task` varchar(30) DEFAULT NULL
) ENGINE=InnoDB DEFAULT CHARSET=utf8 ROW_FORMAT=COMPACT;

--
-- Dumping data for table `web_config`
--

INSERT INTO `web_config` (`id`, `config`, `value`, `task`) VALUES
(1, '', '', 'System Control'),
(2, 'website_language', 'fa', 'System Control'),
(3, 'site_title', 'Test', 'System Control'),
(4, 'phone', '', 'System Control'),
(12, 'website_copyright', 'Copyright ???? 2012 by Spino G', 'System Control'),
(13, 'page_size', '12', 'System Control'),
(14, 'system_status', '0', 'System Control'),
(16, 'support_email', 'info@sitename.com', 'System Control'),
(19, 'last_sync', NULL, 'System Control'),
(21, 'component', 'index', 'System Control'),
(24, 'user_type', '000000', 'System Control'),
(25, 'index_url', 'index', NULL),
(26, 'company_expire_period', '-100 day', NULL),
(27, 'related_company_count', '10', NULL),
(28, 'related_product_count', '10', NULL),
(29, NULL, 'salam', NULL),
(30, 'Count_permission', '25', 'ttt');

--
-- Indexes for dumped tables
--

--
-- Indexes for table `admin`
--
ALTER TABLE `admin`
  ADD PRIMARY KEY (`admin_id`);

--
-- Indexes for table `country`
--
ALTER TABLE `country`
  ADD PRIMARY KEY (`id`);

--
-- Indexes for table `province`
--
ALTER TABLE `province`
  ADD PRIMARY KEY (`id`);

--
-- Indexes for table `sensory_sensors`
--
ALTER TABLE `sensory_sensors`
  ADD PRIMARY KEY (`id`);

--
-- Indexes for table `sensor_graph`
--
ALTER TABLE `sensor_graph`
  ADD PRIMARY KEY (`id`),
  ADD KEY `user_topic_id` (`user_topic_id`),
  ADD KEY `sensore_id` (`sensore_id`);

--
-- Indexes for table `sensor_labels`
--
ALTER TABLE `sensor_labels`
  ADD PRIMARY KEY (`id`),
  ADD KEY `sensor_id` (`sensor_id`);

--
-- Indexes for table `sensor_words`
--
ALTER TABLE `sensor_words`
  ADD PRIMARY KEY (`id`),
  ADD KEY `sensory_sensors_id` (`sensory_sensors_id`),
  ADD KEY `sensore_word_label_fk` (`sensor_label_id`);

--
-- Indexes for table `sessions_member`
--
ALTER TABLE `sessions_member`
  ADD PRIMARY KEY (`Sessions_member_id`);

--
-- Indexes for table `topic_sensory_sensors_score`
--
ALTER TABLE `topic_sensory_sensors_score`
  ADD PRIMARY KEY (`id`),
  ADD KEY `user_topics_id` (`user_topics_id`),
  ADD KEY `sensor_words_id` (`sensor_words_id`);

--
-- Indexes for table `topic_type_class`
--
ALTER TABLE `topic_type_class`
  ADD PRIMARY KEY (`id`);

--
-- Indexes for table `users`
--
ALTER TABLE `users`
  ADD PRIMARY KEY (`id`),
  ADD KEY `user_privileges_id` (`user_privileges_id`),
  ADD KEY `province_id` (`province_id`),
  ADD KEY `country_id` (`country_id`);

--
-- Indexes for table `user_privileges`
--
ALTER TABLE `user_privileges`
  ADD PRIMARY KEY (`id`);

--
-- Indexes for table `user_topics`
--
ALTER TABLE `user_topics`
  ADD PRIMARY KEY (`id`),
  ADD KEY `users_id` (`users_id`),
  ADD KEY `topic_type_class_id` (`topic_type_class_id`);

--
-- Indexes for table `web_config`
--
ALTER TABLE `web_config`
  ADD PRIMARY KEY (`id`);

--
-- AUTO_INCREMENT for dumped tables
--

--
-- AUTO_INCREMENT for table `admin`
--
ALTER TABLE `admin`
  MODIFY `admin_id` smallint(11) NOT NULL AUTO_INCREMENT, AUTO_INCREMENT=3;

--
-- AUTO_INCREMENT for table `country`
--
ALTER TABLE `country`
  MODIFY `id` int(11) NOT NULL AUTO_INCREMENT, AUTO_INCREMENT=245;

--
-- AUTO_INCREMENT for table `sensory_sensors`
--
ALTER TABLE `sensory_sensors`
  MODIFY `id` int(2) NOT NULL AUTO_INCREMENT, AUTO_INCREMENT=11;

--
-- AUTO_INCREMENT for table `sensor_graph`
--
ALTER TABLE `sensor_graph`
  MODIFY `id` int(5) NOT NULL AUTO_INCREMENT, AUTO_INCREMENT=541;

--
-- AUTO_INCREMENT for table `sensor_labels`
--
ALTER TABLE `sensor_labels`
  MODIFY `id` int(2) NOT NULL AUTO_INCREMENT, AUTO_INCREMENT=67;

--
-- AUTO_INCREMENT for table `sensor_words`
--
ALTER TABLE `sensor_words`
  MODIFY `id` int(4) NOT NULL AUTO_INCREMENT, AUTO_INCREMENT=253;

--
-- AUTO_INCREMENT for table `sessions_member`
--
ALTER TABLE `sessions_member`
  MODIFY `Sessions_member_id` int(11) NOT NULL AUTO_INCREMENT, AUTO_INCREMENT=285;

--
-- AUTO_INCREMENT for table `topic_sensory_sensors_score`
--
ALTER TABLE `topic_sensory_sensors_score`
  MODIFY `id` int(10) NOT NULL AUTO_INCREMENT, AUTO_INCREMENT=1441;

--
-- AUTO_INCREMENT for table `topic_type_class`
--
ALTER TABLE `topic_type_class`
  MODIFY `id` int(2) NOT NULL AUTO_INCREMENT, AUTO_INCREMENT=17;

--
-- AUTO_INCREMENT for table `users`
--
ALTER TABLE `users`
  MODIFY `id` int(5) NOT NULL AUTO_INCREMENT, AUTO_INCREMENT=24;

--
-- AUTO_INCREMENT for table `user_privileges`
--
ALTER TABLE `user_privileges`
  MODIFY `id` int(1) NOT NULL AUTO_INCREMENT, AUTO_INCREMENT=3;

--
-- AUTO_INCREMENT for table `user_topics`
--
ALTER TABLE `user_topics`
  MODIFY `id` int(5) NOT NULL AUTO_INCREMENT, AUTO_INCREMENT=35;

--
-- Constraints for dumped tables
--

--
-- Constraints for table `sensor_graph`
--
ALTER TABLE `sensor_graph`
  ADD CONSTRAINT `graph_sensor_fk` FOREIGN KEY (`sensore_id`) REFERENCES `sensory_sensors` (`id`),
  ADD CONSTRAINT `graph_user_topic_fk` FOREIGN KEY (`user_topic_id`) REFERENCES `user_topics` (`id`);

--
-- Constraints for table `sensor_labels`
--
ALTER TABLE `sensor_labels`
  ADD CONSTRAINT `sensor_labels_sensors_fk` FOREIGN KEY (`sensor_id`) REFERENCES `sensory_sensors` (`id`);

--
-- Constraints for table `sensor_words`
--
ALTER TABLE `sensor_words`
  ADD CONSTRAINT `sensor_words_sensors_fk` FOREIGN KEY (`sensory_sensors_id`) REFERENCES `sensory_sensors` (`id`),
  ADD CONSTRAINT `sensore_word_label_fk` FOREIGN KEY (`sensor_label_id`) REFERENCES `sensor_labels` (`id`);

--
-- Constraints for table `topic_sensory_sensors_score`
--
ALTER TABLE `topic_sensory_sensors_score`
  ADD CONSTRAINT `topic_sensors_user_topic_fk` FOREIGN KEY (`user_topics_id`) REFERENCES `user_topics` (`id`),
  ADD CONSTRAINT `topic_sensors_words_fk` FOREIGN KEY (`sensor_words_id`) REFERENCES `sensor_words` (`id`);

--
-- Constraints for table `users`
--
ALTER TABLE `users`
  ADD CONSTRAINT `users_country_fk` FOREIGN KEY (`country_id`) REFERENCES `country` (`id`),
  ADD CONSTRAINT `users_privileges_fk` FOREIGN KEY (`user_privileges_id`) REFERENCES `user_privileges` (`id`),
  ADD CONSTRAINT `users_province_fk` FOREIGN KEY (`province_id`) REFERENCES `province` (`id`);

--
-- Constraints for table `user_topics`
--
ALTER TABLE `user_topics`
  ADD CONSTRAINT `user_topic_type_class_fk` FOREIGN KEY (`topic_type_class_id`) REFERENCES `topic_type_class` (`id`),
  ADD CONSTRAINT `user_topic_users_fk` FOREIGN KEY (`users_id`) REFERENCES `users` (`id`);
COMMIT;

/*!40101 SET CHARACTER_SET_CLIENT=@OLD_CHARACTER_SET_CLIENT */;
/*!40101 SET CHARACTER_SET_RESULTS=@OLD_CHARACTER_SET_RESULTS */;
/*!40101 SET COLLATION_CONNECTION=@OLD_COLLATION_CONNECTION */;
